date,open,high,low,close
2010-06-09,1071.154,1102.409,1069.733,1078.127
2010-06-10,1078.074,1119.52,1076.679,1117.891
2010-06-11,1122.962,1128.749,1119.223,1122.717
2010-06-17,1126.663,1130.219,1065.343,1065.343
2010-06-18,1052.565,1053.636,993.644,1000.75
2010-06-21,992.614,1043.847,977.061,1041.492
2010-06-22,1037.726,1058.066,1034.332,1035.681
2010-06-23,1027.545,1057.048,1024.415,1048.032
2010-06-24,1047.453,1060.457,1042.23,1051.298
2010-06-25,1046.933,1046.933,999.852,1016.983
2010-06-28,1009.918,1015.112,984.894,988.508
2010-06-29,986.251,992.911,913.168,913.938
2010-06-30,898.91,922.445,881.967,919.948
2010-07-01,915.025,921.849,882.798,882.798
2010-07-02,879.556,885.948,833.196,873.722
2010-07-05,857.96,871.463,843.313,862.862
2010-07-06,859.85,899.064,858.388,894.334
2010-07-07,897.149,909.175,890.95,909.175
2010-07-08,912.625,914.926,887.638,906.133
2010-07-09,904.227,937.287,897.611,932.9
2010-07-12,932.288,941.833,924.805,930.926
2010-07-13,925.696,937.401,907.037,931.833
2010-07-14,930.501,938.69,916.815,923.108
2010-07-15,920.79,931.308,893.279,893.279
2010-07-16,885.835,895.832,869.776,893.072
2010-07-19,882.421,910.966,878.827,908.837
2010-07-20,910.332,938.358,910.332,937.829
2010-07-21,940.912,959.869,938.973,942.067
2010-07-22,939.032,951.033,932.828,951.033
2010-07-23,952.665,965.58,948.948,961.421
2010-07-26,963.595,967.571,955.587,966.992
2010-07-27,964.379,968.879,956.56,958.798
2010-07-28,956.016,973.377,955.349,973.377
2010-07-29,975.141,982.866,966.444,976.208
2010-07-30,972.506,972.506,956.747,969.27
2010-08-02,969.29,995.091,969.29,995.091
2010-08-03,996.058,997.127,976.491,976.491
2010-08-04,972.249,978.862,956.759,978.862
2010-08-05,981.12,998.967,979.181,988.208
2010-08-06,988.824,1012.267,986.485,1012.267
2010-08-09,1014.123,1033.234,1014.123,1033.234
2010-08-10,1032.873,1035.229,994.854,994.854
2010-08-11,992.138,1007.321,991.8,1005.508
2010-08-12,994.914,1008.45,988.834,992.637
2010-08-13,993.486,1008.394,987.478,1008.079
2010-08-16,1008.371,1031.946,1005.923,1031.11
2010-08-17,1031.969,1037.72,1023.967,1034.477
2010-08-18,1034.603,1036.509,1019.379,1027.612
2010-08-19,1027.873,1034.144,1022.589,1026.415
2010-08-20,1022.343,1023.334,994.422,996.807
2010-08-23,995.801,1002.051,992.378,996.476
2010-08-24,994.437,1008.633,988.08,1005.856
2010-08-25,1001.136,1003.198,977.401,977.725
2010-08-26,979.447,985.722,973.845,981.48
2010-08-27,979.362,1001.729,976.566,1000.323
2010-08-30,1003.857,1026.041,1003.857,1025.817
2010-08-31,1021.632,1030.695,1016.013,1026.459
2010-09-01,1026.567,1030.698,988.445,996.45
2010-09-02,1002.466,1019.158,997.388,1015.802
2010-09-03,1018.603,1046.205,1018.475,1037.687
2010-09-06,1040.45,1044.23,1008.382,1011.723
2010-09-07,1011.074,1023.592,1008.593,1023.592
2010-09-08,1021.239,1028.654,1017.843,1027.343
2010-09-09,1030.125,1041.7,1020.698,1022.844
2010-09-10,1022.886,1038.538,1017.197,1035.964
2010-09-13,1035.414,1046.425,1034.277,1043.514
2010-09-14,1045.336,1047.167,1029.788,1032.24
2010-09-15,1030.539,1031.04,988.026,991.083
2010-09-16,990.467,995.939,965.483,973.564
2010-09-17,977.037,982.7,968.513,973.192
2010-09-20,973.408,976.228,948.351,950.135
2010-09-21,953.036,954.799,931.19,935.407
2010-09-27,937.161,952.801,931.807,951.634
2010-09-28,950.592,950.851,940.583,943.003
2010-09-29,942.25,945.159,925.379,927.725
2010-09-30,924.788,943.522,922.318,943.522
2010-10-08,947.456,964.184,946.605,960.864
2010-10-11,961.916,962.176,942.894,948.097
2010-10-12,947.613,960.977,945.996,952.783
2010-10-13,952.318,963.742,941.626,963.742
2010-10-14,964.291,976.925,957.862,959.495
2010-10-15,955.112,958.767,938.097,945.239
2010-10-18,942.856,942.856,914.769,933.331
2010-10-19,933.798,1006.639,933.295,996.96
2010-10-20,987.683,1025.648,987.061,1005.59
2010-10-21,1002.726,1002.726,984.681,992.876
2010-10-22,992.168,1024.771,992.168,1014.505
2010-10-25,1019.146,1044.175,1019.146,1040.137
2010-10-26,1042.618,1043.0,1022.006,1037.087
2010-10-27,1035.943,1049.649,1029.769,1031.667
2010-10-28,1025.766,1039.705,1024.56,1039.705
2010-10-29,1043.488,1070.869,1043.488,1065.632
2010-11-01,1072.746,1114.784,1072.746,1108.678
2010-11-02,1109.248,1109.248,1075.7,1076.272
2010-11-03,1064.309,1064.309,1041.633,1041.706
2010-11-04,1042.505,1058.816,1038.321,1058.816
2010-11-05,1068.986,1073.337,1059.362,1073.337
2010-11-08,1078.627,1108.215,1078.627,1108.215
2010-11-09,1111.592,1118.686,1103.163,1116.811
2010-11-10,1116.907,1148.677,1114.916,1142.772
2010-11-11,1138.264,1164.911,1133.539,1133.903
2010-11-12,1128.028,1141.823,1081.392,1083.368
2010-11-15,1088.941,1149.737,1087.65,1149.737
2010-11-16,1155.613,1176.537,1112.655,1127.349
2010-11-17,1116.282,1134.043,1082.06,1086.48
2010-11-18,1091.274,1103.995,1078.182,1103.995
2010-11-19,1107.907,1154.373,1106.747,1154.373
2010-11-22,1154.466,1195.441,1152.965,1176.163
2010-11-23,1173.282,1185.076,1150.011,1184.735
2010-11-24,1177.65,1209.71,1175.899,1209.71
2010-11-25,1214.032,1217.008,1179.054,1187.594
2010-11-26,1186.038,1201.749,1180.508,1197.266
2010-11-29,1196.56,1223.019,1194.658,1221.382
2010-11-30,1220.347,1220.388,1148.17,1182.735
2010-12-01,1177.84,1183.806,1171.112,1178.402
2010-12-02,1188.34,1194.041,1179.041,1179.068
2010-12-03,1178.396,1179.903,1149.285,1159.147
2010-12-06,1158.926,1160.505,1126.107,1135.566
2010-12-07,1133.509,1163.794,1124.933,1162.903
2010-12-08,1162.133,1177.647,1159.308,1161.449
2010-12-09,1160.025,1162.122,1145.374,1145.724
2010-12-10,1141.016,1168.894,1137.514,1168.017
2010-12-13,1176.735,1212.015,1176.735,1210.532
2010-12-14,1212.726,1220.982,1205.92,1219.79
2010-12-15,1219.078,1225.321,1210.55,1213.067
2010-12-16,1210.88,1234.903,1210.605,1226.307
2010-12-17,1224.201,1234.675,1224.201,1234.268
2010-12-20,1236.956,1240.895,1181.759,1213.601
2010-12-21,1213.35,1223.574,1205.734,1216.289
2010-12-22,1216.039,1217.056,1200.926,1202.899
2010-12-23,1199.986,1202.007,1177.086,1177.59
2010-12-24,1171.915,1171.915,1141.323,1145.695
2010-12-27,1146.893,1155.728,1101.664,1106.448
2010-12-28,1100.085,1100.327,1081.524,1092.621
2010-12-29,1092.957,1114.471,1092.957,1114.471
2010-12-30,1114.719,1123.576,1107.582,1118.379
2010-12-31,1118.525,1139.659,1118.525,1138.847
2011-01-04,1143.357,1156.722,1141.229,1156.31
2011-01-05,1155.111,1160.325,1147.575,1156.554
2011-01-06,1154.836,1160.613,1135.271,1135.975
2011-01-07,1133.914,1140.967,1120.781,1127.691
2011-01-10,1125.509,1125.509,1090.191,1094.905
2011-01-11,1091.124,1091.124,1069.512,1079.489
2011-01-12,1084.246,1096.659,1072.203,1090.809
2011-01-13,1095.967,1098.241,1090.807,1094.997
2011-01-14,1093.231,1093.231,1066.856,1068.531
2011-01-17,1067.546,1068.103,1026.732,1029.233
2011-01-18,1022.901,1030.936,1015.688,1026.785
2011-01-19,1026.999,1049.692,1024.214,1049.628
2011-01-20,1048.86,1052.612,1021.35,1021.453
2011-01-21,1015.773,1034.595,1014.326,1025.573
2011-01-24,1025.86,1030.402,995.297,996.005
2011-01-25,993.608,993.608,969.333,980.019
2011-01-26,979.088,996.823,978.873,996.782
2011-01-27,992.092,1016.104,985.819,1014.081
2011-01-28,1014.696,1024.7,1012.36,1022.002
2011-01-31,1022.691,1031.259,1015.454,1030.193
2011-02-01,1030.743,1035.215,1027.97,1033.68
2011-02-09,1027.516,1038.924,1022.853,1026.221
2011-02-10,1027.323,1065.056,1025.782,1065.056
2011-02-11,1068.303,1076.713,1066.263,1072.699
2011-02-14,1073.429,1088.439,1073.429,1087.691
2011-02-15,1087.929,1098.699,1083.394,1088.859
2011-02-16,1087.899,1108.394,1084.984,1108.394
2011-02-17,1109.783,1118.128,1105.043,1116.497
2011-02-18,1115.609,1115.852,1099.731,1101.609
2011-02-21,1097.308,1118.838,1095.566,1118.838
2011-02-22,1119.776,1123.349,1088.14,1089.401
2011-02-23,1089.214,1118.454,1088.997,1115.214
2011-02-24,1113.592,1113.876,1095.758,1103.102
2011-02-25,1099.255,1099.871,1086.931,1096.24
2011-02-28,1097.48,1100.923,1088.721,1100.923
2011-03-01,1102.037,1103.778,1093.202,1099.228
2011-03-02,1096.194,1097.313,1078.855,1090.112
2011-03-03,1090.106,1093.105,1063.556,1065.495
2011-03-04,1064.616,1073.056,1057.739,1073.056
2011-03-07,1075.208,1079.399,1071.211,1079.399
2011-03-08,1080.817,1086.603,1075.387,1086.116
2011-03-09,1085.999,1088.597,1076.747,1088.597
2011-03-10,1089.644,1104.852,1088.864,1095.21
2011-03-11,1091.514,1114.342,1089.953,1103.076
2011-03-14,1100.63,1108.859,1097.209,1108.859
2011-03-15,1109.52,1109.52,1079.515,1096.262
2011-03-16,1095.43,1103.991,1095.43,1103.531
2011-03-17,1097.533,1097.533,1076.15,1079.659
2011-03-18,1082.893,1089.607,1080.85,1084.891
2011-03-21,1084.439,1085.843,1069.591,1071.88
2011-03-22,1073.668,1075.365,1059.127,1068.56
2011-03-23,1067.626,1078.031,1066.041,1078.031
2011-03-24,1079.488,1083.06,1075.504,1079.458
2011-03-25,1078.812,1079.488,1070.837,1073.806
2011-03-28,1074.413,1075.934,1052.508,1053.607
2011-03-29,1051.782,1051.782,1019.326,1020.487
2011-03-30,1018.665,1020.677,1005.859,1007.85
2011-03-31,1008.266,1020.884,1006.917,1009.844
2011-04-01,1007.583,1016.634,1004.399,1016.634
2011-04-06,1013.229,1013.376,993.835,995.787
2011-04-07,994.9,1005.954,993.958,1005.954
2011-04-08,1005.75,1020.779,1003.99,1020.779
2011-04-11,1023.066,1024.321,1004.162,1004.533
2011-04-12,1002.493,1008.987,999.47,1001.889
2011-04-13,1001.257,1022.507,1000.239,1022.507
2011-04-14,1022.92,1023.282,1015.798,1018.427
2011-04-15,1018.135,1018.319,1004.781,1012.215
2011-04-18,1010.765,1012.948,1002.441,1005.528
2011-04-19,1003.143,1003.143,989.13,996.548
2011-04-20,996.374,1011.976,994.31,1010.652
2011-04-21,1010.715,1020.466,1009.64,1013.303
2011-04-22,1011.011,1011.144,1003.745,1007.482
2011-04-25,1004.043,1004.043,977.868,978.059
2011-04-26,973.829,976.439,957.808,961.126
2011-04-27,959.857,964.745,940.01,945.583
2011-04-28,944.454,947.974,906.155,907.277
2011-04-29,904.559,916.161,900.588,916.161
2011-05-03,915.511,926.823,910.977,925.833
2011-05-04,923.536,923.536,905.712,907.788
2011-05-05,905.286,923.492,904.154,918.459
2011-05-06,914.353,925.038,908.933,922.535
2011-05-09,924.483,940.338,924.483,936.188
2011-05-10,937.299,937.661,929.424,935.62
2011-05-11,935.983,937.761,927.691,934.419
2011-05-12,931.713,931.713,913.612,913.728
2011-05-13,913.818,917.199,902.314,914.35
2011-05-16,915.976,920.681,910.695,910.952
2011-05-17,908.818,909.321,895.126,899.942
2011-05-18,896.899,899.809,893.06,895.693
2011-05-19,896.571,900.653,888.915,889.944
2011-05-20,889.153,889.429,878.901,880.473
2011-05-23,878.345,878.619,845.496,845.742
2011-05-24,841.61,881.646,833.269,875.956
2011-05-25,872.814,872.814,847.105,847.333
2011-05-26,848.735,858.149,835.671,835.955
2011-05-27,835.751,841.044,824.949,828.042
2011-05-30,824.948,850.203,821.45,839.485
2011-05-31,841.529,851.558,833.79,851.558
2011-06-01,851.72,857.939,848.517,856.44
2011-06-02,846.732,846.732,828.197,838.902
2011-06-03,838.841,855.234,837.921,853.038
2011-06-07,850.767,853.755,847.956,853.238
2011-06-08,852.302,852.557,842.553,850.597
2011-06-09,849.194,849.194,833.522,833.522
2011-06-10,831.078,832.073,816.523,829.55
2011-06-13,825.795,838.891,816.879,834.975
2011-06-14,835.131,846.38,834.889,844.152
2011-06-15,843.229,846.25,832.564,833.159
2011-06-16,828.075,828.256,815.556,816.337
2011-06-17,814.83,818.909,806.924,808.265
2011-06-20,806.232,806.232,793.087,797.31
2011-06-21,797.549,802.44,791.841,801.188
2011-06-22,803.01,803.835,794.088,797.064
2011-06-23,796.249,821.504,789.357,820.155
2011-06-24,818.002,841.159,816.262,838.161
2011-06-27,838.455,856.355,838.455,849.776
2011-06-28,849.902,850.886,842.809,850.097
2011-06-29,850.79,856.344,842.261,842.269
2011-06-30,840.772,852.91,840.772,851.945
2011-07-01,853.575,868.487,853.575,861.363
2011-07-04,862.606,882.41,862.606,882.41
2011-07-05,883.774,892.086,883.147,889.711
2011-07-06,887.883,900.648,884.078,900.648
2011-07-07,899.992,918.397,898.108,906.235
2011-07-08,905.903,908.502,894.573,901.311
2011-07-11,900.469,910.37,896.189,909.772
2011-07-12,901.918,905.437,894.952,897.915
2011-07-13,896.688,919.638,896.688,919.638
2011-07-14,920.05,939.47,920.05,939.47
2011-07-15,942.391,958.361,940.325,958.102
2011-07-18,958.996,966.296,951.012,953.046
2011-07-19,947.309,947.309,930.856,934.086
2011-07-20,939.036,944.62,926.956,937.643
2011-07-21,937.07,937.702,922.07,922.07
2011-07-22,924.35,936.736,924.35,930.76
2011-07-25,927.594,927.594,890.574,893.558
2011-07-26,890.487,899.075,884.593,899.075
2011-07-27,896.543,923.873,890.441,922.251
2011-07-28,913.892,926.767,909.107,926.127
2011-07-29,926.257,931.61,916.906,919.965
2011-08-01,918.616,938.191,917.65,934.174
2011-08-02,929.846,938.946,911.633,938.946
2011-08-03,929.563,958.554,925.369,952.432
2011-08-04,951.75,956.983,942.264,944.339
2011-08-05,911.79,933.409,905.901,925.916
2011-08-08,914.724,920.007,865.453,883.867
2011-08-09,855.214,891.315,841.398,885.195
2011-08-10,897.748,908.465,896.378,898.281
2011-08-11,879.516,922.192,876.663,922.192
2011-08-12,927.026,939.605,927.026,933.079
2011-08-15,935.782,953.733,935.782,949.386
2011-08-16,949.849,951.787,936.597,939.972
2011-08-17,938.83,948.343,932.796,943.014
2011-08-18,941.42,941.955,921.96,922.388
2011-08-19,902.204,919.101,898.325,919.101
2011-08-22,920.295,932.17,914.506,917.273
2011-08-23,919.032,943.273,919.032,943.273
2011-08-24,947.355,961.265,946.204,947.126
2011-08-25,949.591,950.679,934.2,949.894
2011-08-26,947.458,961.759,944.883,959.829
2011-08-29,958.563,966.739,954.711,961.061
2011-08-30,964.346,967.224,940.702,941.071
2011-08-31,938.656,943.003,918.543,928.288
2011-09-01,928.762,937.051,919.888,924.516
2011-09-02,922.825,925.362,909.135,916.56
2011-09-05,909.161,909.161,890.108,890.527
2011-09-06,883.305,891.27,876.355,881.324
2011-09-07,884.475,906.387,884.39,906.387
2011-09-08,910.05,916.727,898.231,898.647
2011-09-09,896.161,902.589,884.137,888.214
2011-09-13,876.588,876.588,865.374,868.405
2011-09-14,870.585,883.641,861.776,883.552
2011-09-15,884.537,892.374,882.267,882.455
2011-09-16,885.246,889.819,880.198,881.537
2011-09-19,878.508,878.508,861.14,861.212
2011-09-20,857.442,867.728,852.467,863.328
2011-09-21,863.32,888.262,860.784,887.732
2011-09-22,882.918,885.788,859.406,859.406
2011-09-23,846.564,854.719,840.111,849.894
2011-09-26,848.405,855.279,833.118,835.655
2011-09-27,839.98,845.575,829.097,837.203
2011-09-28,840.374,844.705,820.538,823.733
2011-09-29,819.447,819.447,797.069,797.917
2011-09-30,798.792,802.541,787.734,797.151
2011-10-10,799.001,802.924,792.823,796.051
2011-10-11,812.835,818.63,783.971,792.13
2011-10-12,789.387,823.231,779.811,822.345
2011-10-13,822.741,841.981,820.825,839.357
2011-10-14,836.795,839.362,826.212,836.51
2011-10-17,839.194,845.645,833.096,838.618
2011-10-18,832.814,834.474,812.13,812.735
2011-10-19,813.353,820.139,804.871,810.554
2011-10-20,807.117,807.117,777.017,784.879
2011-10-21,782.94,785.388,765.939,769.1
2011-10-24,767.221,778.842,746.971,778.284
2011-10-25,776.706,805.174,775.136,803.926
2011-10-26,800.335,827.049,797.011,817.303
2011-10-27,816.882,827.534,813.262,817.089
2011-10-28,826.658,840.068,820.116,839.761
2011-10-31,840.691,859.334,837.873,859.334
2011-11-01,850.268,861.909,846.494,859.899
2011-11-02,843.481,887.799,840.295,887.799
2011-11-03,892.656,905.198,884.384,884.384
2011-11-04,888.373,894.469,883.158,889.014
2011-11-07,886.896,896.154,883.258,885.493
2011-11-08,885.179,886.64,867.977,868.969
2011-11-09,873.555,897.953,867.35,897.953
2011-11-10,888.448,918.718,885.727,902.133
2011-11-11,900.571,908.709,892.374,898.023
2011-11-14,906.001,924.302,906.001,922.997
2011-11-15,923.647,929.882,919.803,928.032
2011-11-16,928.359,929.137,895.691,900.356
2011-11-17,900.639,918.884,897.646,905.224
2011-11-18,899.473,899.587,874.919,875.852
2011-11-21,873.626,874.962,856.068,869.749
2011-11-22,862.76,875.134,858.567,875.088
2011-11-23,875.435,881.005,869.674,871.439
2011-11-24,863.236,881.627,858.529,874.796
2011-11-25,873.631,881.177,867.224,870.113
2011-11-28,871.006,877.954,865.036,873.481
2011-11-29,878.884,887.06,873.384,887.06
2011-11-30,885.411,885.411,831.272,844.532
2011-12-01,868.148,879.021,859.409,859.409
2011-12-02,855.688,855.688,831.401,835.531
2011-12-05,831.932,832.425,796.352,798.569
2011-12-06,794.478,808.079,789.282,804.212
2011-12-07,803.286,812.6,800.453,808.776
2011-12-08,805.613,826.253,794.667,815.635
2011-12-09,808.277,818.394,802.29,804.959
2011-12-12,804.928,809.897,795.842,796.853
2011-12-13,793.113,793.113,770.907,774.817
2011-12-14,772.052,779.704,760.103,761.554
2011-12-15,757.309,762.613,748.968,752.276
2011-12-16,751.237,784.743,751.237,784.743
2011-12-19,780.591,799.521,772.952,799.521
2011-12-20,797.888,805.786,786.906,787.407
2011-12-21,793.013,797.292,766.751,767.172
2011-12-22,760.266,773.196,733.317,763.704
2011-12-23,760.679,776.281,756.718,767.278
2011-12-26,766.502,775.817,757.367,758.82
2011-12-27,755.351,755.671,730.668,732.746
2011-12-28,727.37,727.37,705.474,723.053
2011-12-29,720.058,727.732,716.094,722.04
2011-12-30,723.532,736.131,723.532,735.095
2012-01-04,740.369,743.561,712.527,712.527
2012-01-05,705.691,706.416,670.511,672.017
2012-01-06,667.731,677.286,650.746,674.144
2012-01-09,672.974,697.725,662.22,697.725
2012-01-10,696.953,723.792,695.791,721.944
2012-01-11,720.524,734.246,715.972,723.438
2012-01-12,721.303,729.628,714.107,715.331
2012-01-13,714.483,715.065,670.354,671.183
2012-01-16,662.843,662.843,638.16,638.766
2012-01-17,635.619,669.792,628.416,667.77
2012-01-18,668.021,670.702,626.43,629.7
2012-01-19,626.413,641.905,616.971,637.649
2012-01-20,639.694,653.108,639.428,651.337
2012-01-30,654.4,665.122,649.825,656.237
2012-01-31,654.343,655.474,642.319,653.653
2012-02-01,652.455,668.353,649.522,655.763
2012-02-02,657.055,670.502,657.055,670.502
2012-02-03,670.446,687.112,668.09,685.258
2012-02-06,686.259,695.249,685.916,691.769
2012-02-07,689.118,689.118,674.675,678.842
2012-02-08,678.226,697.61,674.757,697.61
2012-02-09,697.668,711.109,695.971,703.138
2012-02-10,701.872,708.477,699.067,704.21
2012-02-13,699.556,724.176,695.823,720.436
2012-02-14,720.23,723.274,713.392,717.756
2012-02-15,717.07,730.306,712.562,730.306
2012-02-16,728.973,737.051,719.877,727.364
2012-02-17,728.161,732.514,714.662,723.298
2012-02-20,732.446,737.011,726.491,726.626
2012-02-21,724.807,742.53,719.117,742.53
2012-02-22,743.432,765.383,743.432,765.383
2012-02-23,766.5,771.281,754.353,762.698
2012-02-24,761.953,770.603,760.977,768.132
2012-02-27,769.818,777.206,766.066,766.201
2012-02-28,763.258,763.981,743.019,753.499
2012-02-29,752.948,753.819,739.868,740.972
2012-03-01,739.876,754.535,739.403,748.843
2012-03-02,749.548,763.476,749.548,763.476
2012-03-05,765.668,772.828,764.837,765.385
2012-03-06,764.086,764.73,749.497,756.786
2012-03-07,748.934,765.47,746.48,755.202
2012-03-08,757.942,770.054,757.942,767.738
2012-03-09,770.535,783.856,769.774,783.856
2012-03-12,785.689,792.277,784.673,792.277
2012-03-13,791.755,798.656,789.143,798.656
2012-03-14,801.419,806.17,756.068,762.452
2012-03-15,760.512,765.55,740.913,752.355
2012-03-16,753.973,771.627,751.256,771.627
2012-03-19,771.005,785.733,769.41,785.733
2012-03-20,783.552,783.552,761.384,761.569
2012-03-21,764.899,767.368,743.839,757.747
2012-03-22,756.397,762.341,750.796,756.8
2012-03-23,754.802,756.636,740.972,743.738
2012-03-26,740.986,748.144,737.104,743.054
2012-03-27,745.301,751.737,739.653,741.563
2012-03-28,738.485,738.485,703.036,704.02
2012-03-29,697.858,701.472,682.358,689.378
2012-03-30,687.747,691.995,678.878,683.951
2012-04-05,683.183,703.887,681.926,703.337
2012-04-06,703.451,711.025,701.224,707.521
2012-04-09,705.904,707.638,695.66,695.66
2012-04-10,692.393,703.175,678.786,703.175
2012-04-11,696.007,708.19,691.87,704.72
2012-04-12,705.664,719.618,703.97,719.488
2012-04-13,721.528,730.463,720.723,725.486
2012-04-16,721.339,726.417,718.483,722.731
2012-04-17,723.253,725.199,715.042,715.79
2012-04-18,716.868,730.887,716.826,730.314
2012-04-19,730.689,735.359,728.421,731.988
2012-04-20,730.987,735.62,727.657,735.62
2012-04-23,731.935,731.935,696.131,697.13
2012-04-24,687.269,696.631,670.415,688.201
2012-04-25,686.402,691.177,681.143,689.2
2012-04-26,690.297,693.122,681.124,685.672
2012-04-27,685.048,696.72,683.55,692.711
2012-05-02,700.006,704.126,693.771,701.283
2012-05-03,701.118,707.192,698.446,707.088
2012-05-04,707.951,722.078,707.951,721.413
2012-05-07,719.407,741.737,718.284,741.737
2012-05-08,742.653,747.402,739.34,740.523
2012-05-09,736.35,736.449,727.363,728.001
2012-05-10,727.049,739.737,727.049,736.202
2012-05-11,735.919,740.245,730.218,730.365
2012-05-14,734.866,739.065,727.183,729.143
2012-05-15,723.807,729.506,718.789,729.41
2012-05-16,728.112,731.656,719.164,719.245
2012-05-17,719.163,728.224,713.514,725.926
2012-05-18,721.511,727.17,714.985,715.966
2012-05-21,715.609,719.479,708.452,714.533
2012-05-22,716.959,725.062,716.959,724.809
2012-05-23,725.283,727.482,715.312,723.238
2012-05-24,721.917,728.345,720.283,722.822
2012-05-25,723.363,725.248,710.761,712.894
2012-05-28,709.957,717.929,696.194,716.89
2012-05-29,716.466,732.647,714.858,731.357
2012-05-30,731.857,742.734,730.405,738.576
2012-05-31,736.04,752.323,733.244,746.194
2012-06-01,745.449,751.859,741.767,746.093
2012-06-04,733.36,746.144,728.642,728.708
2012-06-05,729.735,733.244,725.128,727.517
2012-06-06,728.735,734.052,722.7,726.816
2012-06-07,733.239,737.03,720.646,722.942
2012-06-08,728.014,733.032,721.764,725.476
2012-06-11,725.903,746.621,725.903,746.621
2012-06-12,743.138,751.25,741.781,747.461
2012-06-13,747.807,758.89,747.807,758.89
2012-06-14,758.132,762.732,752.188,753.26
2012-06-15,754.754,759.748,745.545,754.635
2012-06-18,756.447,766.331,756.447,765.524
2012-06-19,764.018,765.543,758.751,760.18
2012-06-20,760.424,764.756,758.782,761.182
2012-06-21,759.464,759.464,744.781,751.775
2012-06-25,748.862,748.862,732.875,733.01
2012-06-26,728.636,731.721,715.134,728.253
2012-06-27,727.84,741.085,727.704,731.309
2012-06-28,731.471,735.518,723.141,723.392
2012-06-29,720.304,739.199,718.015,739.199
2012-07-02,743.357,757.787,743.344,753.951
2012-07-03,754.985,764.301,752.66,756.714
2012-07-04,757.535,760.725,749.597,752.369
2012-07-05,751.213,751.213,733.792,736.794
2012-07-06,740.224,750.406,724.717,749.994
2012-07-09,746.334,750.542,734.067,734.761
2012-07-10,732.331,734.28,723.011,725.855
2012-07-11,723.217,731.774,718.972,731.774
2012-07-12,731.087,748.464,729.635,747.059
2012-07-13,744.175,749.232,735.186,738.376
2012-07-16,735.357,735.357,703.219,703.376
2012-07-17,699.67,709.092,698.013,709.092
2012-07-18,707.988,714.349,696.17,714.316
2012-07-19,713.388,727.32,710.589,721.465
2012-07-20,720.128,726.552,717.11,718.517
2012-07-23,715.414,720.51,709.808,716.811
2012-07-24,712.746,724.473,710.517,718.666
2012-07-25,716.945,728.402,715.566,720.604
2012-07-26,720.065,730.226,717.219,719.001
2012-07-27,720.265,723.927,710.305,715.802
2012-07-30,715.927,719.923,697.749,700.432
2012-07-31,698.463,699.637,683.962,688.719
2012-08-01,689.299,706.607,688.092,701.466
2012-08-02,700.283,706.902,696.088,702.984
2012-08-03,703.81,724.297,702.247,724.291
2012-08-06,720.562,744.091,719.102,743.106
2012-08-07,742.3,750.39,742.109,748.796
2012-08-08,747.644,747.644,736.557,742.746
2012-08-09,742.173,756.138,740.34,756.108
2012-08-10,756.195,757.78,749.344,755.98
2012-08-13,755.278,755.278,739.56,740.276
2012-08-14,739.46,749.241,727.058,749.137
2012-08-15,747.632,749.068,741.148,742.405
2012-08-16,741.315,742.816,733.234,736.097
2012-08-17,733.864,735.757,726.423,733.573
2012-08-20,730.615,745.398,725.537,743.561
2012-08-21,742.974,765.854,742.67,761.944
2012-08-22,762.006,769.674,756.525,759.826
2012-08-23,758.416,764.762,754.262,763.599
2012-08-24,760.713,763.389,746.047,746.047
2012-08-27,744.38,744.38,733.728,735.125
2012-08-28,733.346,745.862,729.989,740.254
2012-08-29,739.318,749.535,735.373,739.568
2012-08-30,739.84,741.71,704.157,716.264
2012-08-31,713.549,722.348,710.758,718.899
2012-09-03,716.033,737.767,713.886,736.444
2012-09-04,737.293,745.081,734.053,735.274
2012-09-05,733.625,745.525,731.862,743.333
2012-09-06,745.206,752.616,743.97,752.616
2012-09-07,757.613,777.757,757.192,772.679
2012-09-10,772.912,778.634,769.185,775.581
2012-09-11,774.809,775.784,769.939,774.99
2012-09-12,776.326,779.861,767.445,775.783
2012-09-13,775.037,777.662,762.944,762.944
2012-09-14,766.713,769.36,751.811,757.422
2012-09-17,755.621,755.621,736.749,736.749
2012-09-18,734.948,743.075,732.994,736.205
2012-09-19,737.511,743.011,736.236,740.927
2012-09-20,740.635,740.635,717.18,718.994
2012-09-21,715.66,718.819,701.536,703.167
2012-09-24,697.927,707.288,690.157,702.354
2012-09-25,700.189,705.834,692.493,694.211
2012-09-26,692.317,694.551,671.609,673.004
2012-09-27,674.312,692.321,674.312,688.74
2012-09-28,685.924,703.086,683.297,701.643
2012-10-08,702.37,705.711,698.214,702.79
2012-10-09,703.423,725.191,703.423,725.107
2012-10-10,724.543,735.097,722.28,734.412
2012-10-11,732.932,737.312,724.014,724.186
2012-10-12,724.222,733.816,713.171,721.206
2012-10-15,718.523,719.436,706.206,714.182
2012-10-16,713.144,724.263,711.137,717.665
2012-10-17,718.383,723.793,713.848,721.436
2012-10-18,721.633,734.246,721.633,733.065
2012-10-19,733.394,735.19,728.382,731.97
2012-10-22,729.002,736.896,727.136,736.884
2012-10-23,736.424,738.002,722.917,723.642
2012-10-24,719.616,726.386,716.671,720.072
2012-10-25,720.203,723.358,708.572,709.575
2012-10-26,708.001,709.597,692.762,697.262
2012-10-29,696.255,703.633,694.638,700.097
2012-10-30,700.495,706.765,699.762,701.613
2012-10-31,701.628,703.692,696.97,703.692
2012-11-01,704.105,715.189,704.105,713.993
2012-11-02,714.249,715.367,709.192,713.587
2012-11-05,712.297,715.708,702.964,704.927
2012-11-06,705.427,705.442,691.791,702.515
2012-11-07,701.8,704.633,698.563,701.751
2012-11-08,696.806,697.384,687.524,687.612
2012-11-09,686.332,690.839,683.377,684.378
2012-11-12,686.502,693.156,683.318,688.373
2012-11-13,688.034,688.15,677.935,678.942
2012-11-14,678.003,679.406,669.03,676.763
2012-11-15,674.438,679.49,668.79,670.684
2012-11-16,670.852,671.594,664.387,667.617
2012-11-19,666.173,668.826,659.144,668.37
2012-11-20,668.844,672.753,667.498,668.035
2012-11-21,667.865,673.409,657.892,671.52
2012-11-22,670.605,670.673,661.711,663.172
2012-11-23,664.308,667.789,661.587,662.768
2012-11-26,662.39,662.39,649.491,649.998
2012-11-27,646.321,646.321,626.304,627.011
2012-11-28,622.563,622.563,616.228,618.247
2012-11-29,617.733,622.536,611.646,613.668
2012-11-30,613.446,619.128,611.51,617.327
2012-12-03,616.137,617.819,603.522,603.993
2012-12-04,602.714,611.964,595.634,611.258
2012-12-05,609.88,638.782,608.165,635.699
2012-12-06,636.043,641.188,630.275,635.185
2012-12-07,635.017,649.273,633.052,648.583
2012-12-10,649.349,658.814,647.243,657.569
2012-12-11,656.485,658.051,651.845,652.327
2012-12-12,651.046,652.082,642.121,650.64
2012-12-13,649.194,652.33,642.179,643.184
2012-12-14,642.436,668.018,642.208,667.638
2012-12-17,668.179,669.85,657.518,660.919
2012-12-18,659.851,665.74,654.244,657.291
2012-12-19,656.364,665.795,656.191,663.451
2012-12-20,663.384,669.769,659.776,669.769
2012-12-21,670.002,682.487,667.037,679.717
2012-12-24,677.873,691.59,677.466,691.59
2012-12-25,691.402,708.025,690.636,706.197
2012-12-26,705.353,721.416,704.03,721.416
2012-12-27,722.269,725.255,711.538,711.745
2012-12-28,711.072,719.985,706.86,719.985
2012-12-31,720.571,726.288,715.87,726.288
2013-01-04,729.787,730.89,711.338,717.619
2013-01-07,716.632,730.613,714.614,730.613
2013-01-08,730.935,748.142,728.765,745.899
2013-01-09,744.752,753.526,740.582,747.29
2013-01-10,747.09,756.493,747.09,754.081
2013-01-11,753.792,759.021,743.114,744.32
2013-01-14,748.457,774.987,747.977,773.788
2013-01-15,776.916,795.021,776.916,792.155
2013-01-16,790.563,793.5,775.307,787.965
2013-01-17,787.259,789.328,780.844,781.68
2013-01-18,784.736,801.202,784.736,801.091
2013-01-21,801.786,807.038,797.051,806.396
2013-01-22,806.102,806.339,782.476,788.627
2013-01-23,787.207,793.126,778.684,792.027
2013-01-24,792.188,797.973,763.418,771.059
2013-01-25,770.797,780.127,769.777,776.125
2013-01-28,777.386,798.419,777.386,798.419
2013-01-29,799.435,808.906,799.435,805.45
2013-01-30,805.746,806.565,791.849,797.322
2013-01-31,797.755,797.755,784.574,789.511
2013-02-01,788.604,799.192,786.394,795.98
2013-02-04,797.384,800.253,781.211,785.337
2013-02-05,781.786,795.171,779.298,794.574
2013-02-06,794.918,808.333,794.918,805.035
2013-02-07,806.654,820.342,803.107,819.607
2013-02-08,818.967,838.658,818.967,837.353
2013-02-18,844.102,850.209,840.322,849.815
2013-02-19,849.502,849.951,831.177,833.976
2013-02-20,833.287,865.673,833.287,865.673
2013-02-21,861.375,868.12,844.035,853.906
2013-02-22,851.701,862.922,851.433,853.362
2013-02-25,853.478,872.779,853.478,870.588
2013-02-26,868.132,880.866,864.732,866.033
2013-02-27,866.958,871.017,850.484,860.816
2013-02-28,861.07,876.083,858.893,876.083
2013-03-01,875.783,900.587,874.796,900.293
2013-03-04,895.567,904.262,869.932,878.529
2013-03-05,876.214,903.779,872.467,903.556
2013-03-06,905.728,920.918,905.728,918.618
2013-03-07,918.113,918.113,882.976,892.607
2013-03-08,893.007,897.491,876.808,879.749
2013-03-11,878.145,887.36,872.972,884.278
2013-03-12,884.941,888.755,842.524,854.53
2013-03-13,850.074,850.908,835.723,848.642
2013-03-14,846.854,860.389,846.117,856.768
2013-03-15,856.44,883.05,854.272,868.846
2013-03-18,867.061,877.919,864.971,867.026
2013-03-19,864.934,869.191,843.696,857.429
2013-03-20,857.458,881.423,857.326,881.423
2013-03-21,883.086,901.483,881.843,898.178
2013-03-22,897.329,899.706,892.259,897.433
2013-03-25,898.191,900.336,889.299,897.184
2013-03-26,893.927,895.243,877.759,891.694
2013-03-27,891.884,901.27,889.544,898.197
2013-03-28,893.209,893.209,876.73,882.689
2013-03-29,883.281,888.048,876.026,881.614
2013-04-01,881.817,895.319,881.135,892.345
2013-04-02,891.127,899.097,858.429,860.421
2013-04-03,857.641,860.823,842.273,850.284
2013-04-08,839.734,869.104,832.17,868.963
2013-04-09,870.01,879.788,869.431,877.624
2013-04-10,876.89,877.542,858.389,865.958
2013-04-11,868.716,871.583,862.858,863.259
2013-04-12,862.856,869.999,861.48,862.254
2013-04-15,859.706,861.379,849.417,851.794
2013-04-16,844.252,861.685,840.081,861.685
2013-04-17,860.707,883.539,860.533,883.539
2013-04-18,878.673,892.215,876.655,889.655
2013-04-19,891.183,912.564,891.183,908.833
2013-04-22,907.61,933.169,905.905,933.169
2013-04-23,933.575,933.698,908.809,910.522
2013-04-24,911.668,942.561,911.668,940.925
2013-04-25,941.757,955.345,920.756,920.778
2013-04-26,919.138,921.486,903.249,906.284
2013-05-02,903.982,931.593,900.631,931.064
2013-05-03,933.464,958.2,933.464,957.109
2013-05-06,959.084,981.039,959.084,976.342
2013-05-07,974.779,983.237,968.076,975.824
2013-05-08,979.485,998.959,979.199,998.959
2013-05-09,998.173,1013.802,997.283,1011.652
2013-05-10,1008.658,1016.241,996.702,1007.79
2013-05-13,1009.097,1015.095,998.227,1014.947
2013-05-14,1012.501,1012.501,990.809,995.89
2013-05-15,996.53,1032.971,996.53,1032.953
2013-05-16,1031.346,1055.224,1019.661,1029.896
2013-05-17,1026.956,1050.053,1024.86,1044.23
2013-05-20,1046.19,1074.284,1046.19,1073.213
2013-05-21,1071.115,1096.927,1066.893,1095.592
2013-05-22,1089.613,1089.676,1057.84,1061.414
2013-05-23,1056.912,1083.677,1054.681,1064.658
2013-05-24,1066.197,1096.303,1066.197,1096.303
2013-05-27,1098.463,1114.216,1098.463,1112.654
2013-05-28,1112.82,1113.222,1077.97,1081.406
2013-05-29,1078.004,1089.676,1075.533,1088.588
2013-05-30,1085.883,1101.681,1082.643,1096.987
2013-05-31,1098.052,1110.163,1091.502,1096.567
2013-06-03,1094.339,1098.518,1073.367,1075.333
2013-06-04,1072.337,1072.494,1033.803,1045.105
2013-06-05,1043.705,1061.084,1043.705,1055.698
2013-06-06,1050.125,1054.526,1043.764,1045.091
2013-06-07,1045.796,1063.28,1041.596,1053.548
2013-06-13,1042.773,1052.8,1008.588,1052.8
2013-06-14,1053.473,1094.258,1053.473,1092.56
2013-06-17,1099.261,1117.037,1093.205,1098.403
2013-06-18,1098.036,1103.382,1077.592,1097.649
2013-06-19,1089.332,1095.073,1078.141,1092.288
2013-06-20,1084.879,1092.616,1051.583,1053.311
2013-06-21,1031.148,1053.923,1011.044,1049.187
2013-06-24,1046.86,1046.86,984.057,993.895
2013-06-25,980.636,1014.705,924.683,1007.646
2013-06-26,1007.846,1063.175,1007.786,1063.138
2013-06-27,1067.943,1087.748,1044.201,1046.289
2013-06-28,1036.199,1061.549,1025.507,1035.192
2013-07-01,1034.79,1080.401,1029.196,1080.401
2013-07-02,1081.494,1111.673,1081.494,1108.447
2013-07-03,1104.821,1134.332,1090.357,1130.334
2013-07-04,1123.369,1131.576,1110.703,1113.271
2013-07-05,1113.168,1117.397,1081.899,1082.042
2013-07-08,1060.233,1081.824,1039.482,1054.768
2013-07-09,1052.769,1076.258,1050.616,1075.442
2013-07-10,1073.942,1094.598,1073.444,1094.05
2013-07-11,1091.942,1108.405,1082.467,1106.358
2013-07-12,1104.869,1144.135,1102.806,1122.24
2013-07-15,1122.126,1166.535,1122.126,1166.535
2013-07-16,1168.589,1180.36,1156.477,1170.249
2013-07-17,1167.725,1176.67,1145.33,1156.209
2013-07-18,1151.412,1165.023,1145.098,1154.659
2013-07-19,1152.406,1183.447,1142.415,1142.415
2013-07-22,1136.222,1181.076,1133.54,1181.076
2013-07-23,1188.566,1207.382,1187.926,1206.49
2013-07-24,1209.329,1236.734,1205.473,1231.796
2013-07-25,1234.165,1235.81,1176.01,1177.622
2013-07-26,1177.478,1193.815,1159.984,1185.777
2013-07-29,1183.173,1196.137,1163.305,1163.901
2013-07-30,1164.071,1174.17,1121.591,1150.715
2013-07-31,1152.762,1170.439,1143.788,1160.862
2013-08-01,1162.332,1219.321,1162.332,1218.288
2013-08-02,1224.492,1236.931,1215.421,1216.996
2013-08-05,1214.827,1231.308,1210.537,1231.308
2013-08-06,1230.549,1247.981,1229.119,1240.47
2013-08-07,1237.107,1237.999,1201.037,1203.536
2013-08-08,1199.833,1224.232,1192.911,1214.032
2013-08-09,1213.708,1223.068,1180.757,1200.277
2013-08-12,1201.885,1213.43,1173.148,1189.378
2013-08-13,1189.087,1208.662,1179.042,1200.187
2013-08-14,1203.562,1214.484,1187.588,1208.712
2013-08-15,1205.844,1212.544,1193.472,1194.828
2013-08-16,1186.503,1206.857,1158.331,1158.989
2013-08-19,1153.408,1199.881,1152.334,1199.239
2013-08-20,1198.814,1209.05,1192.046,1203.724
2013-08-21,1201.498,1213.709,1197.283,1209.413
2013-08-22,1208.23,1233.218,1206.411,1225.582
2013-08-23,1229.211,1255.026,1217.071,1248.812
2013-08-26,1249.99,1270.972,1249.587,1267.596
2013-08-27,1267.696,1280.773,1255.522,1280.473
2013-08-28,1273.567,1283.18,1257.177,1257.177
2013-08-29,1253.715,1265.838,1246.456,1255.438
2013-08-30,1250.909,1255.503,1209.975,1213.308
2013-09-02,1207.346,1239.298,1206.0,1238.944
2013-09-03,1246.711,1263.926,1243.157,1263.926
2013-09-04,1262.81,1275.382,1256.489,1265.731
2013-09-05,1263.143,1297.646,1262.566,1297.375
2013-09-06,1297.97,1318.876,1291.555,1313.229
2013-09-09,1313.135,1314.206,1288.025,1306.233
2013-09-10,1308.236,1308.414,1283.808,1293.617
2013-09-11,1286.518,1286.518,1245.272,1249.714
2013-09-12,1244.582,1265.976,1240.396,1249.639
2013-09-13,1250.167,1285.883,1239.16,1283.235
2013-09-16,1284.283,1328.48,1284.283,1309.187
2013-09-17,1309.664,1316.185,1297.839,1299.525
2013-09-18,1298.482,1323.044,1292.327,1320.288
2013-09-23,1323.483,1357.931,1322.013,1357.604
2013-09-24,1357.399,1372.378,1341.47,1359.972
2013-09-25,1355.66,1376.342,1351.485,1354.48
2013-09-26,1349.854,1363.779,1332.058,1337.387
2013-09-27,1336.53,1362.312,1332.406,1355.216
2013-09-30,1361.155,1401.182,1361.155,1400.419
2013-10-08,1409.072,1422.754,1396.308,1420.64
2013-10-09,1418.894,1452.191,1414.947,1449.479
2013-10-10,1456.155,1457.804,1410.048,1410.898
2013-10-11,1410.722,1419.486,1389.747,1412.692
2013-10-14,1407.134,1427.472,1403.294,1426.719
2013-10-15,1430.415,1442.991,1411.578,1422.774
2013-10-16,1426.108,1426.203,1355.332,1366.827
2013-10-17,1371.141,1387.867,1349.062,1354.427
2013-10-18,1358.632,1386.15,1358.632,1382.017
2013-10-21,1391.176,1436.452,1391.176,1434.259
2013-10-22,1434.774,1441.926,1380.735,1382.565
2013-10-23,1367.981,1367.981,1324.569,1342.391
2013-10-24,1338.175,1350.726,1318.481,1326.728
2013-10-25,1329.581,1335.491,1285.431,1299.332
2013-10-28,1294.177,1316.564,1292.339,1309.445
2013-10-29,1306.593,1323.692,1233.637,1291.666
2013-10-30,1286.089,1304.628,1280.741,1303.549
2013-10-31,1296.654,1296.654,1261.688,1264.916
2013-11-01,1256.867,1262.884,1227.301,1251.0
2013-11-04,1246.205,1270.367,1245.765,1251.507
2013-11-05,1246.572,1290.324,1237.061,1289.968
2013-11-06,1285.309,1307.783,1271.266,1271.299
2013-11-07,1263.571,1280.287,1248.281,1253.138
2013-11-08,1244.569,1255.459,1233.147,1239.891
2013-11-11,1236.972,1252.849,1219.489,1241.507
2013-11-12,1242.143,1262.498,1238.281,1257.536
2013-11-13,1255.676,1265.773,1239.431,1240.884
2013-11-14,1236.141,1281.516,1229.248,1279.364
2013-11-15,1277.923,1317.666,1277.734,1299.209
2013-11-18,1305.863,1325.985,1305.863,1321.834
2013-11-19,1323.785,1343.244,1320.559,1329.015
2013-11-20,1330.567,1334.427,1314.166,1330.14
2013-11-21,1326.727,1335.744,1318.823,1329.821
2013-11-22,1329.325,1331.874,1314.39,1325.842
2013-11-25,1321.517,1336.249,1314.165,1324.541
2013-11-26,1322.317,1330.554,1310.426,1322.553
2013-11-27,1320.847,1367.924,1319.206,1361.071
2013-11-28,1364.727,1374.73,1363.09,1368.425
2013-11-29,1367.366,1401.657,1367.366,1399.316
2013-12-02,1327.517,1349.006,1283.127,1283.727
2013-12-03,1252.454,1291.754,1226.529,1285.16
2013-12-04,1279.288,1306.379,1269.546,1269.76
2013-12-05,1263.84,1265.475,1228.985,1230.631
2013-12-06,1224.75,1244.377,1223.137,1235.46
2013-12-09,1240.181,1271.281,1240.181,1271.223
2013-12-10,1274.15,1279.044,1256.216,1261.196
2013-12-11,1260.031,1284.889,1255.724,1274.079
2013-12-12,1271.672,1315.81,1268.389,1309.719
2013-12-13,1304.445,1317.298,1298.793,1308.517
2013-12-16,1309.458,1324.685,1297.049,1310.374
2013-12-17,1308.913,1312.64,1278.499,1297.797
2013-12-18,1297.899,1297.899,1275.57,1285.847
2013-12-19,1283.216,1312.276,1283.216,1285.933
2013-12-20,1285.667,1296.117,1276.007,1283.507
2013-12-23,1281.148,1283.46,1254.098,1272.339
2013-12-24,1271.516,1294.775,1271.419,1288.737
2013-12-25,1291.985,1319.476,1288.31,1318.957
2013-12-26,1321.545,1328.307,1298.274,1299.704
2013-12-27,1295.145,1328.458,1295.145,1325.059
2013-12-30,1325.177,1339.07,1323.551,1339.07
2013-12-31,1333.627,1340.459,1319.57,1335.442
2014-01-02,1333.246,1364.782,1330.212,1364.68
2014-01-03,1364.013,1387.323,1363.625,1384.988
2014-01-06,1382.4,1386.329,1354.148,1354.775
2014-01-07,1346.695,1387.609,1343.453,1384.411
2014-01-08,1395.703,1442.697,1395.703,1438.411
2014-01-09,1435.108,1457.672,1412.433,1413.043
2014-01-10,1406.157,1418.787,1379.634,1385.461
2014-01-13,1384.135,1406.8,1381.309,1395.172
2014-01-14,1397.234,1434.207,1397.234,1434.207
2014-01-15,1432.927,1451.099,1431.165,1448.956
2014-01-16,1449.207,1456.936,1425.085,1428.317
2014-01-17,1428.18,1445.091,1424.689,1428.671
2014-01-20,1426.999,1434.235,1394.827,1405.357
2014-01-21,1403.258,1440.898,1403.258,1440.591
2014-01-22,1440.91,1466.027,1440.91,1465.764
2014-01-23,1467.77,1507.324,1467.228,1496.256
2014-01-24,1492.858,1529.131,1490.549,1519.707
2014-01-27,1512.569,1536.113,1499.961,1512.784
2014-01-28,1511.678,1521.746,1482.894,1506.304
2014-01-29,1507.534,1533.307,1504.505,1532.089
2014-01-30,1529.622,1543.706,1522.153,1531.528
2014-02-07,1524.439,1569.242,1518.943,1569.109
2014-02-10,1573.515,1594.029,1562.202,1590.329
2014-02-11,1587.466,1596.84,1541.829,1563.442
2014-02-12,1563.389,1576.932,1549.886,1576.561
2014-02-13,1573.791,1576.244,1519.698,1520.422
2014-02-14,1519.841,1552.461,1511.027,1551.804
2014-02-17,1557.314,1596.174,1557.314,1595.653
2014-02-18,1595.783,1598.886,1575.786,1582.063
2014-02-19,1581.348,1588.761,1560.616,1581.102
2014-02-20,1581.975,1582.232,1539.911,1551.17
2014-02-21,1548.102,1562.289,1539.549,1555.777
2014-02-24,1554.038,1578.957,1546.35,1576.622
2014-02-25,1580.656,1608.739,1495.117,1507.687
2014-02-26,1486.561,1502.888,1448.877,1500.822
2014-02-27,1502.139,1532.183,1444.495,1448.274
2014-02-28,1443.915,1471.021,1426.104,1468.991
2014-03-03,1467.975,1501.076,1465.149,1499.956
2014-03-04,1497.009,1510.565,1480.64,1495.157
2014-03-05,1501.924,1505.997,1489.51,1499.381
2014-03-06,1495.835,1499.212,1460.907,1497.282
2014-03-07,1498.721,1513.081,1488.168,1495.319
2014-03-10,1480.426,1480.426,1437.964,1440.51
2014-03-11,1433.166,1443.898,1413.784,1428.982
2014-03-12,1423.911,1452.323,1411.657,1432.517
2014-03-13,1434.854,1471.299,1434.734,1471.0
2014-03-14,1467.527,1484.849,1457.847,1468.098
2014-03-17,1470.231,1512.795,1469.428,1512.524
2014-03-18,1514.535,1528.88,1513.86,1520.944
2014-03-19,1516.698,1517.526,1491.519,1501.06
2014-03-20,1497.867,1501.29,1450.874,1451.374
2014-03-21,1439.379,1461.927,1412.595,1453.651
2014-03-24,1445.395,1450.598,1425.671,1430.568
2014-03-25,1425.295,1444.066,1417.985,1428.039
2014-03-26,1430.172,1458.171,1430.172,1451.372
2014-03-27,1449.26,1451.11,1400.54,1400.54
2014-03-28,1396.352,1396.745,1348.784,1362.184
2014-03-31,1358.84,1372.391,1346.818,1359.42
2014-04-01,1358.78,1388.02,1357.831,1387.319
2014-04-02,1389.248,1393.553,1348.517,1359.863
2014-04-03,1358.723,1376.654,1350.545,1358.075
2014-04-04,1355.669,1379.885,1349.048,1379.562
2014-04-08,1367.94,1384.775,1360.162,1384.116
2014-04-09,1388.401,1410.249,1388.401,1403.865
2014-04-10,1408.161,1429.084,1408.161,1414.851
2014-04-11,1403.883,1403.883,1385.168,1397.226
2014-04-14,1401.166,1412.0,1401.166,1406.27
2014-04-15,1409.308,1414.604,1400.635,1403.362
2014-04-16,1399.214,1401.344,1386.866,1392.527
2014-04-17,1394.222,1407.643,1394.222,1401.232
2014-04-18,1398.943,1411.735,1396.132,1411.302
2014-04-21,1401.576,1418.747,1396.536,1397.4
2014-04-22,1395.186,1401.387,1349.612,1369.168
2014-04-23,1365.893,1371.775,1350.835,1359.241
2014-04-24,1358.692,1359.823,1335.504,1352.184
2014-04-25,1348.975,1350.711,1322.314,1323.898
2014-04-28,1315.717,1315.949,1287.513,1288.681
2014-04-29,1284.61,1306.104,1279.567,1298.249
2014-04-30,1298.045,1320.005,1298.045,1315.332
2014-05-05,1313.235,1335.285,1311.335,1334.743
2014-05-06,1334.263,1361.125,1334.263,1349.91
2014-05-07,1346.397,1346.397,1321.983,1322.458
2014-05-08,1316.773,1333.576,1311.498,1312.056
2014-05-09,1311.893,1315.114,1281.021,1290.269
2014-05-12,1295.789,1313.405,1282.488,1310.518
2014-05-13,1307.464,1327.208,1306.189,1309.181
2014-05-14,1306.121,1315.495,1302.053,1311.715
2014-05-15,1309.709,1316.671,1286.086,1286.356
2014-05-16,1282.852,1284.917,1242.262,1258.33
2014-05-19,1256.574,1266.005,1245.638,1260.393
2014-05-20,1272.105,1294.982,1272.105,1277.233
2014-05-21,1273.703,1290.924,1264.311,1290.924
2014-05-22,1293.057,1321.79,1293.057,1302.95
2014-05-23,1303.016,1331.412,1295.753,1330.554
2014-05-26,1336.785,1359.352,1336.785,1356.185
2014-05-27,1355.157,1355.157,1338.196,1341.418
2014-05-28,1341.519,1375.149,1341.519,1375.086
2014-05-29,1374.419,1377.783,1347.842,1349.682
2014-05-30,1348.032,1359.629,1335.488,1354.014
2014-06-03,1353.873,1369.069,1353.873,1355.552
2014-06-04,1354.254,1357.737,1338.883,1357.737
2014-06-05,1356.195,1393.577,1353.512,1392.498
2014-06-06,1392.039,1400.333,1377.574,1387.458
2014-06-09,1385.73,1386.912,1362.988,1363.035
2014-06-10,1363.477,1394.158,1352.93,1390.977
2014-06-11,1387.384,1408.827,1385.36,1404.864
2014-06-12,1402.098,1413.977,1395.592,1401.404
2014-06-13,1398.728,1424.688,1397.254,1420.973
2014-06-16,1422.436,1436.282,1422.436,1434.206
2014-06-17,1435.133,1435.133,1415.63,1415.658
2014-06-18,1415.884,1423.376,1401.672,1401.92
2014-06-19,1401.52,1408.569,1347.08,1357.528
2014-06-20,1355.977,1372.977,1349.841,1371.266
2014-06-23,1372.498,1404.786,1372.498,1399.331
2014-06-24,1398.092,1410.507,1397.117,1407.714
2014-06-25,1406.917,1406.917,1385.49,1396.684
2014-06-26,1398.216,1430.181,1398.216,1425.019
2014-06-27,1427.184,1437.037,1420.7,1427.632
2014-06-30,1427.359,1444.05,1412.787,1444.05
2014-07-01,1444.799,1454.968,1437.305,1451.273
2014-07-02,1452.75,1465.213,1441.487,1459.703
2014-07-03,1459.582,1468.688,1451.708,1462.45
2014-07-04,1461.598,1463.873,1445.693,1451.277
2014-07-07,1451.637,1451.637,1420.746,1433.03
2014-07-08,1431.478,1450.373,1418.262,1450.373
2014-07-09,1450.148,1458.671,1423.275,1423.607
2014-07-10,1423.51,1427.041,1400.784,1402.357
2014-07-11,1399.983,1410.836,1389.907,1397.693
2014-07-14,1396.668,1406.587,1380.617,1405.817
2014-07-15,1402.923,1405.064,1370.827,1379.461
2014-07-16,1377.047,1382.644,1348.188,1356.162
2014-07-17,1352.54,1360.917,1341.727,1350.191
2014-07-18,1347.258,1359.57,1337.796,1343.108
2014-07-21,1341.872,1350.96,1323.889,1344.181
2014-07-22,1343.543,1368.2,1342.216,1367.231
2014-07-23,1368.044,1370.33,1324.338,1329.942
2014-07-24,1328.288,1328.288,1291.473,1308.124
2014-07-25,1307.658,1325.395,1306.566,1322.408
2014-07-28,1325.838,1353.539,1323.326,1351.987
2014-07-29,1353.243,1375.645,1348.195,1369.715
2014-07-30,1368.097,1383.685,1366.949,1381.001
2014-07-31,1380.997,1384.583,1372.286,1382.859
2014-08-01,1378.167,1381.868,1361.926,1363.723
2014-08-04,1362.768,1369.756,1361.993,1367.716
2014-08-05,1368.231,1401.964,1358.853,1399.467
2014-08-06,1396.214,1407.525,1392.532,1404.659
2014-08-07,1404.088,1420.824,1400.127,1400.841
2014-08-08,1407.046,1420.807,1407.046,1416.697
2014-08-11,1418.784,1437.806,1418.784,1437.616
2014-08-12,1437.991,1442.724,1432.813,1436.232
2014-08-13,1436.08,1436.94,1409.148,1423.786
2014-08-14,1424.206,1434.284,1418.278,1419.667
2014-08-15,1422.309,1432.197,1417.228,1432.161
2014-08-18,1434.41,1469.753,1434.41,1469.484
2014-08-19,1477.388,1488.051,1467.751,1477.359
2014-08-20,1479.305,1479.305,1462.475,1468.11
2014-08-21,1469.369,1489.204,1461.775,1489.171
2014-08-22,1491.475,1507.483,1487.296,1503.428
2014-08-25,1502.898,1503.191,1480.937,1485.0
2014-08-26,1481.81,1484.784,1446.461,1451.412
2014-08-27,1452.04,1468.039,1452.04,1461.071
2014-08-28,1463.954,1464.929,1438.463,1443.847
2014-08-29,1440.808,1465.112,1440.798,1465.112
2014-09-01,1469.119,1494.585,1468.669,1494.296
2014-09-02,1499.091,1506.838,1494.155,1506.833
2014-09-03,1509.98,1522.055,1502.925,1519.833
2014-09-04,1520.507,1538.489,1514.918,1538.183
2014-09-05,1540.732,1541.005,1524.325,1532.343
2014-09-09,1535.027,1540.149,1521.255,1536.645
2014-09-10,1533.966,1549.455,1527.069,1547.852
2014-09-11,1548.973,1576.025,1545.255,1556.183
2014-09-12,1555.548,1567.817,1549.869,1567.607
2014-09-15,1566.012,1572.183,1560.595,1569.679
2014-09-16,1570.636,1573.033,1513.598,1515.161
2014-09-17,1515.565,1523.321,1498.059,1521.32
2014-09-18,1519.465,1535.201,1516.728,1533.322
2014-09-19,1534.671,1544.222,1528.69,1541.897
2014-09-22,1539.67,1539.67,1522.414,1525.676
2014-09-23,1527.889,1544.897,1525.351,1543.816
2014-09-24,1543.866,1560.716,1540.627,1560.716
2014-09-25,1563.47,1566.711,1548.611,1551.454
2014-09-26,1549.291,1555.961,1545.368,1554.479
2014-09-29,1558.612,1569.913,1558.612,1569.72
2014-09-30,1570.836,1584.918,1570.836,1584.838
2014-10-08,1587.635,1602.009,1580.864,1602.009
2014-10-09,1606.671,1613.823,1585.66,1605.709
2014-10-10,1604.435,1608.494,1590.34,1598.562
2014-10-13,1592.349,1593.07,1571.292,1592.503
2014-10-14,1590.795,1604.57,1576.167,1583.033
2014-10-15,1583.268,1589.857,1570.761,1589.723
2014-10-16,1583.858,1596.184,1570.157,1570.18
2014-10-17,1571.116,1573.267,1531.017,1554.244
2014-10-20,1556.68,1576.18,1556.68,1576.18
2014-10-21,1578.942,1581.625,1559.259,1560.857
2014-10-22,1562.215,1568.386,1546.8,1547.556
2014-10-23,1543.437,1544.647,1516.172,1520.078
2014-10-24,1520.594,1536.216,1515.163,1519.822
2014-10-27,1515.784,1534.656,1507.857,1534.656
2014-10-28,1538.445,1565.557,1538.445,1565.557
2014-10-29,1569.6,1579.694,1567.638,1573.818
2014-10-30,1576.724,1583.202,1566.159,1569.378
2014-10-31,1571.269,1573.272,1545.184,1556.521
2014-11-03,1556.506,1573.628,1556.451,1573.621
2014-11-04,1575.604,1582.141,1557.753,1559.74
2014-11-05,1558.067,1560.376,1549.024,1555.719
2014-11-06,1556.988,1576.682,1553.963,1576.324
2014-11-07,1579.383,1587.841,1560.655,1566.146
2014-11-10,1568.792,1570.003,1549.872,1558.117
2014-11-11,1556.79,1557.658,1493.536,1503.283
2014-11-12,1499.125,1518.457,1496.919,1518.172
2014-11-13,1516.1,1516.1,1475.496,1484.332
2014-11-14,1480.327,1490.751,1476.762,1482.639
2014-11-17,1485.572,1516.739,1479.325,1513.987
2014-11-18,1513.366,1525.772,1512.777,1524.454
2014-11-19,1531.24,1553.123,1531.24,1548.827
2014-11-20,1547.831,1547.831,1534.521,1537.551
2014-11-21,1536.079,1551.57,1536.079,1548.088
2014-11-24,1556.938,1559.423,1540.911,1551.159
2014-11-25,1554.051,1586.252,1553.666,1586.252
2014-11-26,1589.096,1606.19,1588.492,1598.903
2014-11-27,1602.556,1611.88,1592.799,1608.357
2014-11-28,1607.759,1627.978,1603.109,1616.012
2014-12-01,1614.776,1614.776,1588.578,1596.934
2014-12-02,1599.154,1612.606,1596.748,1610.421
2014-12-03,1613.567,1651.019,1584.709,1650.574
2014-12-04,1651.031,1678.213,1651.031,1668.472
2014-12-05,1672.868,1672.868,1588.867,1627.385
2014-12-08,1620.592,1646.889,1599.485,1612.218
2014-12-09,1601.78,1623.107,1547.472,1547.881
2014-12-10,1542.435,1622.223,1542.435,1617.899
2014-12-11,1617.816,1639.191,1608.26,1633.31
2014-12-12,1633.902,1673.096,1632.369,1670.246
2014-12-15,1670.281,1712.106,1666.268,1705.15
2014-12-16,1713.174,1723.132,1683.215,1697.006
2014-12-17,1686.279,1700.498,1670.377,1691.483
2014-12-18,1688.772,1711.497,1680.212,1681.031
2014-12-19,1674.599,1674.599,1614.091,1642.719
2014-12-22,1629.493,1629.493,1553.46,1561.568
2014-12-23,1544.695,1587.718,1531.93,1539.558
2014-12-24,1545.868,1568.09,1544.388,1563.491
2014-12-25,1565.752,1575.67,1557.761,1573.439
2014-12-26,1575.221,1583.41,1567.823,1580.244
2014-12-29,1575.136,1575.136,1534.082,1542.507
2014-12-30,1533.968,1536.373,1491.737,1502.085
2014-12-31,1497.529,1522.401,1493.011,1514.076
2015-01-05,1512.856,1512.856,1470.169,1506.885
2015-01-06,1500.506,1586.487,1495.943,1584.097
2015-01-07,1586.743,1591.731,1560.995,1567.183
2015-01-08,1560.441,1610.79,1560.441,1586.215
2015-01-09,1579.468,1629.282,1578.726,1597.894
2015-01-12,1596.675,1632.812,1595.199,1631.724
2015-01-13,1633.337,1657.444,1623.777,1647.2
2015-01-14,1644.686,1651.303,1624.965,1633.662
2015-01-15,1630.236,1652.746,1623.598,1631.942
2015-01-16,1632.327,1688.727,1632.251,1686.691
2015-01-19,1654.488,1739.755,1645.651,1676.928
2015-01-20,1682.594,1749.842,1682.594,1749.75
2015-01-21,1753.093,1779.572,1750.799,1772.104
2015-01-22,1772.786,1794.223,1765.734,1794.177
2015-01-23,1792.171,1792.171,1742.208,1746.084
2015-01-26,1747.83,1790.401,1747.83,1789.808
2015-01-27,1792.56,1804.64,1764.846,1793.805
2015-01-28,1791.125,1809.574,1777.6,1781.19
2015-01-29,1766.773,1783.473,1758.503,1760.573
2015-01-30,1762.098,1770.625,1727.983,1728.896
2015-02-02,1715.048,1757.83,1707.772,1745.612
2015-02-03,1752.914,1813.405,1752.914,1801.243
2015-02-04,1804.189,1821.093,1793.135,1808.273
2015-02-05,1807.754,1861.748,1792.039,1825.323
2015-02-06,1823.306,1834.896,1775.254,1780.731
2015-02-09,1776.88,1803.912,1751.51,1757.973
2015-02-10,1756.346,1798.112,1749.774,1797.92
2015-02-11,1798.491,1834.505,1798.491,1823.814
2015-02-12,1828.311,1851.189,1827.416,1840.237
2015-02-13,1850.247,1880.796,1848.057,1877.97
2015-02-16,1889.519,1952.218,1889.519,1951.155
2015-02-17,1963.043,1964.815,1927.023,1948.767
2015-02-25,1953.996,1964.555,1925.926,1930.701
2015-02-26,1929.248,1946.17,1900.852,1934.449
2015-02-27,1934.697,1983.474,1934.697,1983.474
2015-03-02,1999.999,2044.946,1996.103,2044.111
2015-03-03,2044.467,2061.648,2017.384,2018.142
2015-03-04,2016.901,2068.895,2016.901,2067.609
2015-03-05,2073.653,2090.644,2054.884,2072.711
2015-03-06,2074.796,2076.204,2005.328,2007.5
2015-03-09,1997.235,2054.305,1988.388,2051.728
2015-03-10,2058.719,2107.19,2058.719,2104.124
2015-03-11,2109.719,2113.848,2080.46,2094.359
2015-03-12,2093.116,2113.455,2041.98,2076.153
2015-03-13,2078.75,2130.492,2068.993,2128.558
2015-03-16,2148.235,2206.438,2148.235,2204.273
2015-03-17,2211.163,2226.718,2178.666,2198.914
2015-03-18,2199.843,2248.87,2186.072,2245.677
2015-03-19,2247.574,2255.588,2223.114,2246.664
2015-03-20,2250.494,2296.389,2250.025,2277.55
2015-03-23,2289.979,2360.011,2285.725,2359.734
2015-03-24,2377.084,2431.14,2318.122,2425.907
2015-03-25,2433.08,2474.868,2411.648,2453.731
2015-03-26,2430.523,2438.598,2336.223,2357.83
2015-03-27,2340.224,2393.456,2333.219,2390.782
2015-03-30,2386.141,2399.82,2332.168,2356.479
2015-03-31,2360.43,2426.161,2354.251,2402.461
2015-04-01,2414.627,2476.865,2413.345,2474.21
2015-04-02,2504.924,2546.655,2489.927,2546.655
2015-04-03,2541.019,2588.064,2531.853,2582.494
2015-04-07,2602.997,2631.601,2594.962,2630.391
2015-04-08,2641.125,2642.309,2513.417,2560.07
2015-04-09,2553.754,2573.932,2415.04,2568.983
2015-04-10,2547.491,2642.297,2529.243,2627.011
2015-04-13,2632.524,2672.386,2619.22,2652.683
2015-04-14,2659.745,2669.124,2613.799,2633.259
2015-04-15,2623.116,2623.116,2512.744,2512.744
2015-04-16,2491.39,2606.006,2477.93,2556.635
2015-04-17,2580.52,2585.161,2524.751,2535.772
2015-04-20,2534.142,2565.829,2481.588,2495.49
2015-04-21,2514.294,2640.847,2514.294,2640.847
2015-04-22,2687.418,2733.363,2687.418,2712.321
2015-04-23,2734.206,2798.116,2734.206,2785.683
2015-04-24,2768.968,2828.381,2750.744,2815.129
2015-04-27,2863.352,2889.25,2817.598,2828.251
2015-04-28,2845.81,2861.04,2728.472,2767.127
2015-04-29,2773.05,2881.186,2753.772,2880.166
2015-04-30,2908.908,3005.266,2908.908,2942.608
2015-05-04,2953.198,2970.023,2887.006,2929.67
2015-05-05,2914.783,2930.143,2835.577,2866.027
2015-05-06,2889.641,3013.953,2889.641,2931.095
2015-05-07,2908.712,2965.203,2884.663,2889.382
2015-05-08,2923.307,3062.726,2923.307,3061.932
2015-05-11,3105.011,3244.083,3080.191,3240.312
2015-05-12,3270.973,3351.752,3227.128,3346.918
2015-05-13,3280.108,3368.494,3216.856,3287.115
2015-05-14,3268.889,3324.067,3230.611,3235.057
2015-05-15,3201.612,3270.606,3150.892,3238.91
2015-05-18,3272.994,3384.249,3272.994,3376.088
2015-05-19,3408.747,3439.981,3302.355,3421.808
2015-05-20,3438.881,3575.625,3438.881,3507.998
2015-05-21,3523.842,3637.367,3523.673,3632.805
2015-05-22,3702.155,3726.51,3541.463,3621.86
2015-05-25,3517.91,3604.287,3471.736,3571.721
2015-05-26,3575.872,3727.989,3575.872,3726.698
2015-05-27,3747.417,3772.931,3653.041,3737.594
2015-05-28,3727.003,3787.76,3536.079,3536.079
2015-05-29,3547.564,3703.212,3428.485,3649.315
2015-06-01,3687.667,3834.745,3687.667,3830.511
2015-06-02,3870.316,4030.375,3869.274,4019.107
2015-06-03,4068.287,4131.903,3953.88,4102.247
2015-06-04,4112.198,4136.311,3807.301,4062.411
2015-06-05,4114.921,4159.753,3957.281,4003.038
2015-06-08,3979.611,3979.611,3753.199,3816.577
2015-06-09,3775.583,3908.491,3744.005,3817.996
2015-06-10,3807.352,3994.663,3788.493,3951.23
2015-06-11,3960.906,4002.525,3931.106,3979.617
2015-06-12,4007.455,4042.019,3967.718,4018.326
2015-06-15,4038.615,4038.615,3801.136,3808.491
2015-06-16,3747.623,3781.661,3581.269,3700.099
2015-06-17,3695.67,3868.789,3618.116,3855.379
2015-06-18,3848.857,3866.652,3604.443,3611.473
2015-06-19,3512.667,3582.236,3405.617,3416.258
2015-06-23,3416.252,3501.153,3251.067,3497.724
2015-06-24,3530.53,3565.459,3405.928,3487.072
2015-06-25,3507.916,3512.66,3269.57,3304.625
2015-06-26,3172.72,3172.72,3005.284,3010.194
2015-06-29,3033.693,3040.521,2745.046,2772.174
2015-06-30,2644.64,2963.183,2561.611,2946.194
2015-07-01,2929.251,3100.366,2827.671,2843.957
2015-07-02,2840.769,2911.791,2670.508,2730.562
2015-07-03,2637.501,2874.285,2533.672,2685.171
2015-07-06,2881.619,2881.619,2491.882,2570.497
2015-07-07,2471.842,2489.961,2423.255,2424.332
2015-07-08,2375.839,2436.987,2375.839,2436.955
2015-07-09,2410.216,2510.873,2410.216,2510.873
2015-07-10,2564.097,2614.094,2555.312,2614.094
2015-07-13,2693.385,2765.86,2672.178,2765.86
2015-07-14,2809.124,2914.795,2799.777,2810.16
2015-07-15,2835.558,2835.558,2663.204,2669.976
2015-07-16,2604.636,2781.438,2514.53,2708.165
2015-07-17,2733.301,2892.426,2728.21,2869.257
2015-07-20,2907.811,2996.904,2863.68,2936.242
2015-07-21,2888.532,3007.48,2865.35,2971.905
2015-07-22,2971.043,3022.585,2915.774,2986.828
2015-07-23,2985.669,3061.024,2952.865,3059.585
2015-07-24,3068.846,3107.238,2968.159,2987.292
2015-07-27,2909.513,3014.359,2765.889,2766.296
2015-07-28,2625.025,2788.705,2569.134,2661.679
2015-07-29,2698.765,2777.166,2560.605,2777.036
2015-07-30,2753.934,2791.359,2635.01,2640.266
2015-07-31,2584.675,2685.783,2576.407,2618.26
2015-08-03,2551.753,2571.827,2444.697,2473.349
2015-08-04,2470.395,2624.773,2453.771,2624.773
2015-08-05,2620.76,2663.976,2557.027,2579.29
2015-08-06,2517.349,2595.733,2505.571,2557.524
2015-08-07,2587.456,2666.386,2582.623,2656.556
2015-08-10,2687.216,2811.091,2673.484,2790.286
2015-08-11,2788.553,2832.67,2757.741,2782.239
2015-08-12,2740.934,2783.775,2703.146,2703.146
2015-08-13,2689.283,2767.133,2658.529,2767.133
2015-08-14,2797.57,2809.613,2746.678,2756.581
2015-08-17,2747.665,2759.357,2694.483,2748.607
2015-08-18,2756.993,2804.571,2565.442,2581.487
2015-08-19,2502.898,2664.15,2432.004,2650.06
2015-08-20,2635.711,2691.505,2585.793,2586.275
2015-08-21,2528.338,2557.264,2413.191,2414.26
2015-08-24,2291.162,2315.911,2219.075,2219.075
2015-08-25,2057.669,2111.258,2048.475,2052.168
2015-08-26,2036.929,2107.783,1932.92,1948.39
2015-08-27,1984.204,2020.496,1900.093,2019.992
2015-08-28,2051.796,2151.303,2020.919,2146.408
2015-08-31,2119.772,2122.418,2048.941,2058.517
2015-09-01,2019.952,2019.952,1935.324,1947.828
2015-09-02,1842.903,2014.24,1834.112,1912.305
2015-09-07,1940.991,2013.707,1936.253,1951.982
2015-09-08,1933.584,2066.707,1916.607,2062.94
2015-09-09,2085.773,2167.13,2079.374,2135.68
2015-09-10,2092.708,2142.593,2087.409,2102.074
2015-09-11,2101.965,2148.395,2092.48,2124.122
2015-09-14,2132.057,2139.757,1964.025,1965.068
2015-09-15,1900.139,1951.248,1849.689,1853.056
2015-09-16,1869.725,1988.328,1864.592,1985.716
2015-09-17,2003.283,2082.937,1982.164,1992.986
2015-09-18,2008.263,2057.107,1981.487,2044.532
2015-09-21,2010.543,2144.445,2005.416,2143.251
2015-09-22,2146.627,2173.66,2105.183,2142.897
2015-09-23,2102.455,2168.16,2098.925,2142.147
2015-09-24,2155.102,2196.242,2148.662,2171.634
2015-09-25,2156.44,2172.005,2064.275,2083.368
2015-09-28,2087.41,2189.642,2069.91,2187.781
2015-09-29,2154.052,2201.445,2140.067,2163.359
2015-09-30,2177.194,2189.875,2112.7,2146.975
2015-10-08,2219.594,2278.269,2204.568,2257.936
2015-10-09,2258.48,2298.879,2251.999,2285.094
2015-10-12,2302.567,2416.583,2301.191,2388.311
2015-10-13,2368.88,2424.123,2361.362,2414.348
2015-10-14,2402.023,2423.168,2366.472,2376.168
2015-10-15,2371.648,2480.498,2367.708,2478.772
2015-10-16,2499.479,2528.673,2475.226,2524.642
2015-10-19,2541.219,2542.628,2472.388,2508.735
2015-10-20,2505.214,2597.89,2502.741,2588.695
2015-10-21,2582.118,2605.815,2407.775,2417.133
2015-10-22,2427.871,2541.213,2427.871,2534.032
2015-10-23,2565.131,2628.486,2537.489,2616.754
2015-10-26,2649.48,2649.48,2558.207,2605.512
2015-10-27,2574.253,2666.819,2498.425,2643.119
2015-10-28,2630.484,2663.593,2549.832,2561.966
2015-10-29,2582.19,2606.777,2512.012,2562.008
2015-10-30,2551.65,2612.722,2514.466,2554.793
2015-11-02,2490.696,2590.92,2483.149,2507.126
2015-11-03,2519.51,2537.323,2481.885,2504.273
2015-11-04,2526.908,2664.107,2526.908,2664.107
2015-11-05,2667.717,2712.052,2621.358,2643.907
2015-11-06,2651.055,2748.724,2651.055,2743.582
2015-11-09,2735.229,2832.624,2692.916,2808.741
2015-11-10,2794.597,2869.046,2783.656,2831.41
2015-11-11,2823.137,2893.187,2814.824,2891.271
2015-11-12,2905.59,2915.015,2827.957,2869.232
2015-11-13,2836.335,2858.425,2764.4,2793.836
2015-11-16,2738.595,2883.523,2736.597,2883.523
2015-11-17,2922.51,2935.828,2795.302,2800.94
2015-11-18,2811.824,2825.965,2737.036,2743.328
2015-11-19,2761.049,2856.298,2759.399,2856.298
2015-11-20,2868.961,2904.965,2842.987,2886.604
2015-11-23,2883.482,2927.522,2844.499,2856.117
2015-11-24,2853.176,2902.993,2824.099,2902.993
2015-11-25,2900.376,2996.543,2893.479,2987.031
2015-11-26,3001.756,3005.979,2918.799,2920.672
2015-11-27,2906.412,2931.862,2710.299,2731.355
2015-11-30,2741.067,2770.009,2584.796,2755.096
2015-12-01,2751.716,2783.718,2702.094,2737.328
2015-12-02,2735.155,2742.246,2603.312,2693.946
2015-12-03,2703.455,2794.503,2703.455,2791.735
2015-12-04,2786.004,2834.06,2762.075,2775.281
2015-12-07,2782.679,2836.183,2769.984,2822.688
2015-12-08,2807.711,2816.056,2761.364,2774.762
2015-12-09,2760.257,2782.987,2732.277,2750.283
2015-12-10,2747.564,2813.502,2745.605,2778.73
2015-12-11,2769.244,2785.1,2749.226,2753.768
2015-12-14,2724.414,2792.913,2703.441,2792.913
2015-12-15,2802.176,2850.158,2802.176,2830.473
2015-12-16,2845.478,2875.394,2834.694,2848.425
2015-12-17,2870.955,2923.252,2870.955,2923.252
2015-12-18,2924.505,2938.707,2888.134,2917.643
2015-12-21,2912.545,2924.187,2886.809,2917.294
2015-12-22,2924.547,2937.334,2898.413,2927.532
2015-12-23,2933.286,2936.786,2865.755,2869.895
2015-12-24,2861.692,2888.062,2820.441,2882.099
2015-12-25,2894.195,2907.615,2863.211,2881.017
2015-12-28,2896.263,2910.931,2819.943,2819.943
2015-12-29,2816.921,2834.722,2793.875,2834.722
2015-12-30,2843.41,2867.729,2834.173,2865.33
2015-12-31,2866.388,2871.663,2797.474,2797.844
2016-01-04,2789.831,2793.979,2567.362,2568.156
2016-01-05,2425.889,2557.808,2405.657,2491.341
2016-01-06,2508.487,2548.518,2462.44,2544.577
2016-01-07,2489.902,2489.902,2324.103,2326.194
2016-01-08,2368.53,2389.695,2208.47,2318.428
2016-01-11,2255.748,2299.287,2170.787,2171.392
2016-01-12,2182.621,2246.367,2151.716,2213.835
2016-01-13,2227.023,2241.356,2123.371,2123.371
2016-01-14,2052.711,2246.667,2051.302,2242.165
2016-01-15,2226.869,2252.011,2160.905,2178.138
2016-01-18,2138.92,2274.971,2138.92,2242.085
2016-01-19,2237.096,2314.092,2215.061,2310.908
2016-01-20,2291.224,2318.804,2258.137,2272.716
2016-01-21,2240.416,2310.677,2177.624,2177.624
2016-01-22,2206.362,2227.964,2142.278,2215.954
2016-01-25,2232.593,2252.681,2202.851,2225.478
2016-01-26,2198.05,2201.501,2051.971,2055.613
2016-01-27,2058.983,2074.425,1946.55,2059.136
2016-01-28,2030.111,2052.386,1959.572,1965.323
2016-01-29,1967.179,2073.148,1966.176,2055.632
2016-02-01,2050.623,2073.79,2017.34,2054.22
2016-02-02,2058.239,2153.718,2058.239,2139.361
2016-02-03,2112.597,2170.384,2097.42,2155.057
2016-02-04,2160.319,2209.03,2160.319,2192.295
2016-02-05,2193.029,2207.676,2161.73,2161.73
2016-02-15,2092.218,2196.137,2092.218,2182.195
2016-02-16,2193.759,2276.761,2193.759,2269.91
2016-02-17,2265.786,2288.319,2238.027,2283.739
2016-02-18,2299.675,2309.067,2255.747,2258.555
2016-02-19,2253.508,2299.074,2250.358,2279.27
2016-02-22,2304.181,2314.896,2284.58,2314.896
2016-02-23,2315.087,2319.15,2257.128,2286.603
2016-02-24,2280.902,2298.858,2220.787,2271.782
2016-02-25,2266.82,2266.82,2093.109,2100.04
2016-02-26,2108.665,2121.336,2041.304,2077.131
2016-02-29,2062.34,2062.34,1923.871,1938.196
2016-03-01,1939.406,2012.713,1898.071,1994.66
2016-03-02,1990.457,2085.319,1984.458,2079.898
2016-03-03,2076.367,2127.242,2068.664,2069.045
2016-03-04,2055.627,2065.553,1953.917,1965.921
2016-03-07,1994.839,2057.561,1994.839,2013.641
2016-03-08,2004.689,2064.009,1923.252,2064.009
2016-03-09,2022.862,2077.941,2007.16,2031.662
2016-03-10,2029.551,2052.84,1994.865,1996.772
2016-03-11,1970.717,2009.152,1963.087,1994.994
2016-03-14,2023.076,2112.152,2023.076,2085.995
2016-03-15,2079.477,2097.929,2057.463,2058.973
2016-03-16,2092.997,2102.861,2022.367,2038.989
2016-03-17,2047.861,2154.054,2047.861,2152.154
2016-03-18,2167.514,2262.543,2167.399,2245.546
2016-03-21,2283.739,2303.78,2259.766,2296.237
2016-03-22,2269.594,2318.047,2257.985,2290.739
2016-03-23,2283.695,2329.306,2273.593,2329.306
2016-03-24,2303.641,2348.701,2286.76,2288.747
2016-03-25,2277.963,2301.485,2251.507,2285.002
2016-03-28,2302.576,2329.385,2260.527,2268.091
2016-03-29,2259.006,2263.141,2197.116,2219.487
2016-03-30,2240.309,2318.715,2240.309,2318.715
2016-03-31,2326.601,2342.617,2301.722,2307.892
2016-04-01,2292.986,2296.721,2239.322,2274.414
2016-04-05,2276.599,2356.77,2274.509,2350.912
2016-04-06,2346.015,2377.611,2342.643,2368.981
2016-04-07,2383.381,2389.265,2319.19,2319.19
2016-04-08,2300.901,2310.032,2263.033,2299.852
2016-04-11,2325.775,2373.571,2325.775,2354.729
2016-04-12,2354.914,2361.446,2306.676,2335.116
2016-04-13,2350.089,2403.24,2350.089,2366.068
2016-04-14,2383.17,2398.416,2361.481,2397.401
2016-04-15,2401.442,2401.442,2369.844,2382.221
2016-04-18,2360.981,2360.981,2320.661,2337.43
2016-04-19,2350.719,2361.802,2325.218,2344.748
2016-04-20,2352.215,2356.7,2186.786,2213.421
2016-04-21,2203.819,2228.917,2173.934,2177.23
2016-04-22,2160.328,2204.842,2157.407,2204.842
2016-04-25,2196.31,2197.76,2149.859,2194.431
2016-04-26,2191.377,2224.212,2186.739,2224.212
2016-04-27,2231.575,2245.577,2210.629,2214.91
2016-04-28,2217.481,2227.169,2175.347,2223.802
2016-04-29,2209.935,2231.208,2207.003,2207.003
2016-05-03,2207.487,2288.261,2195.011,2288.261
2016-05-04,2280.933,2305.146,2276.944,2281.849
2016-05-05,2279.145,2297.882,2269.201,2295.345
2016-05-06,2297.882,2307.702,2197.511,2197.511
2016-05-09,2174.988,2174.988,2110.779,2119.526
2016-05-10,2117.33,2134.093,2110.007,2120.267
2016-05-11,2134.168,2140.509,2097.636,2100.35
2016-05-12,2070.856,2104.98,2038.658,2100.075
2016-05-13,2096.392,2125.001,2078.764,2090.491
2016-05-16,2083.008,2124.313,2073.404,2124.313
2016-05-17,2126.072,2175.847,2102.711,2148.707
2016-05-18,2130.291,2130.291,2065.967,2086.57
2016-05-19,2090.235,2144.482,2090.235,2104.12
2016-05-20,2084.689,2133.15,2079.68,2133.15
2016-05-23,2141.268,2176.441,2141.268,2167.335
2016-05-24,2163.424,2163.424,2129.65,2144.104
2016-05-25,2161.261,2181.189,2130.958,2135.724
2016-05-26,2128.671,2155.598,2086.179,2155.099
2016-05-27,2145.109,2159.44,2133.825,2138.485
2016-05-30,2122.744,2152.926,2101.098,2126.775
2016-05-31,2130.206,2232.166,2128.452,2231.416
2016-06-01,2236.932,2261.895,2235.198,2241.162
2016-06-02,2235.818,2261.621,2232.369,2261.621
2016-06-03,2249.138,2311.372,2248.577,2278.711
2016-06-06,2286.462,2293.508,2254.971,2272.867
2016-06-07,2275.698,2277.913,2254.258,2270.206
2016-06-08,2264.567,2275.166,2239.448,2259.683
2016-06-13,2222.352,2237.741,2123.464,2123.464
2016-06-14,2113.765,2139.542,2100.564,2127.307
2016-06-15,2101.765,2215.3,2099.768,2200.156
2016-06-16,2195.494,2208.958,2167.784,2171.991
2016-06-17,2180.491,2226.945,2176.009,2194.254
2016-06-20,2189.189,2199.207,2158.491,2190.889
2016-06-21,2207.446,2225.811,2153.931,2162.52
2016-06-22,2156.318,2217.14,2155.977,2217.14
2016-06-23,2217.084,2226.386,2187.369,2209.747
2016-06-24,2203.201,2230.894,2129.844,2199.283
2016-06-27,2182.469,2268.305,2181.955,2265.904
2016-06-28,2255.159,2296.563,2247.012,2291.65
2016-06-29,2304.053,2314.233,2278.187,2284.7
2016-06-30,2288.647,2308.991,2281.619,2303.316
2016-07-01,2306.824,2317.623,2278.651,2286.14
2016-07-04,2270.096,2330.609,2268.257,2324.986
2016-07-05,2330.158,2335.945,2304.632,2322.233
2016-07-06,2315.961,2323.17,2305.112,2317.824
2016-07-07,2317.162,2324.079,2287.711,2309.951
2016-07-08,2308.227,2334.442,2296.061,2315.5
2016-07-11,2319.042,2329.802,2292.47,2294.56
2016-07-12,2293.971,2324.311,2256.75,2324.311
2016-07-13,2335.593,2378.613,2327.709,2363.627
2016-07-14,2360.305,2374.196,2351.27,2371.601
2016-07-15,2367.636,2371.754,2337.702,2341.448
2016-07-18,2335.003,2346.766,2310.997,2327.197
2016-07-19,2327.056,2351.864,2313.88,2351.864
2016-07-20,2350.752,2367.306,2346.494,2346.502
2016-07-21,2343.966,2368.362,2336.849,2342.978
2016-07-22,2339.848,2347.554,2325.575,2327.329
2016-07-25,2323.052,2342.265,2312.276,2323.074
2016-07-26,2323.128,2357.896,2323.128,2357.896
2016-07-27,2360.499,2362.791,2212.289,2229.465
2016-07-28,2224.222,2241.067,2182.383,2213.285
2016-07-29,2217.968,2220.991,2181.621,2195.357
2016-08-01,2186.319,2190.887,2137.188,2171.325
2016-08-02,2168.607,2187.642,2166.089,2185.843
2016-08-03,2182.761,2190.398,2168.794,2180.775
2016-08-04,2180.06,2206.492,2174.525,2202.846
2016-08-05,2201.903,2202.511,2179.869,2181.542
2016-08-08,2174.493,2203.82,2155.604,2203.82
2016-08-09,2201.799,2228.553,2201.363,2228.553
2016-08-10,2229.465,2239.021,2210.272,2210.448
2016-08-11,2207.968,2212.718,2175.687,2175.687
2016-08-12,2170.907,2196.861,2170.012,2196.836
2016-08-15,2199.886,2276.562,2184.846,2268.59
2016-08-16,2270.465,2286.998,2268.339,2276.746
2016-08-17,2275.855,2294.53,2270.82,2284.089
2016-08-18,2280.737,2289.374,2267.268,2277.261
2016-08-19,2276.316,2287.054,2269.521,2280.325
2016-08-22,2281.379,2289.483,2241.892,2241.892
2016-08-23,2242.862,2261.893,2234.543,2248.882
2016-08-24,2253.402,2280.576,2251.146,2267.513
2016-08-25,2253.905,2258.782,2226.079,2255.607
2016-08-26,2261.135,2287.639,2257.103,2265.009
2016-08-29,2262.913,2285.182,2258.867,2268.579
2016-08-30,2273.012,2286.366,2268.444,2270.99
2016-08-31,2270.033,2273.803,2250.621,2267.087
2016-09-01,2268.31,2276.94,2256.297,2256.297
2016-09-02,2251.191,2262.884,2234.357,2245.468
2016-09-05,2253.512,2275.254,2252.953,2257.711
2016-09-06,2258.262,2301.735,2236.229,2299.234
2016-09-07,2299.422,2308.837,2284.748,2288.079
2016-09-08,2287.397,2299.887,2282.972,2299.887
2016-09-09,2300.089,2305.213,2278.764,2278.764
2016-09-12,2237.887,2254.987,2218.834,2219.384
2016-09-13,2232.192,2240.087,2212.946,2219.699
2016-09-14,2210.936,2231.19,2205.059,2218.344
2016-09-19,2223.324,2249.216,2223.324,2239.71
2016-09-20,2238.889,2242.222,2228.049,2232.696
2016-09-21,2232.313,2244.75,2231.608,2236.523
2016-09-22,2249.108,2253.487,2241.16,2243.03
2016-09-23,2246.348,2248.276,2230.217,2230.707
2016-09-26,2228.524,2236.142,2195.941,2195.941
2016-09-27,2191.854,2214.46,2185.392,2214.46
2016-09-28,2217.482,2217.482,2205.92,2213.246
2016-09-29,2215.012,2229.576,2214.642,2220.027
2016-09-30,2218.256,2228.525,2217.088,2223.871
2016-10-10,2240.371,2284.455,2237.84,2284.455
2016-10-11,2283.385,2286.93,2277.05,2286.93
2016-10-12,2278.139,2292.784,2274.545,2285.713
2016-10-13,2287.854,2292.339,2276.236,2284.556
2016-10-14,2279.701,2279.701,2253.882,2269.722
2016-10-17,2274.848,2276.182,2234.324,2242.451
2016-10-18,2239.077,2273.772,2239.077,2273.772
2016-10-19,2276.244,2276.896,2255.491,2260.086
2016-10-20,2262.667,2274.727,2259.506,2268.718
2016-10-21,2272.431,2278.267,2242.417,2256.037
2016-10-24,2259.257,2280.201,2251.824,2276.525
2016-10-25,2278.582,2283.77,2272.144,2275.909
2016-10-26,2279.292,2280.703,2254.753,2259.654
2016-10-27,2258.011,2259.472,2245.947,2257.569
2016-10-28,2257.654,2268.353,2239.5212,2239.938
2016-10-31,2232.834,2237.082,2219.396,2234.0704
2016-11-01,2234.7216,2252.7656,2234.015,2251.3308
2016-11-02,2245.5008,2246.3816,2218.8788,2220.249
2016-11-03,2210.662,2242.5224,2208.752,2227.2684
2016-11-04,2225.9654,2242.9464,2216.1232,2219.0392
2016-11-07,2214.9736,2219.6528,2200.1332,2203.5976
2016-11-08,2212.0308,2228.7024,2209.7468,2224.2872
2016-11-09,2224.6188,2228.996,2170.7644,2196.9188
2016-11-10,2217.6757,2223.3908,2212.8902,2217.4241
2016-11-11,2217.6936,2221.3412,2198.9804,2221.3412
2016-11-14,2221.054,2250.4606,2221.054,2236.4237
2016-11-15,2236.3068,2254.6466,2226.7912,2254.6466
2016-11-16,2263.1345,2285.3532,2257.561,2257.9236
2016-11-17,2251.3591,2251.3591,2232.1396,2237.8264
2016-11-18,2239.5538,2245.8433,2229.75,2232.569
2016-11-21,2231.018,2237.1303,2221.281,2227.0255
2016-11-22,2231.0746,2252.9406,2220.8372,2252.9406
2016-11-23,2257.5419,2267.0218,2237.7845,2240.5845
2016-11-24,2234.2805,2247.2765,2217.0393,2220.8439
2016-11-25,2220.1643,2242.4677,2197.1641,2242.4677
2016-11-28,2248.2332,2250.8581,2234.5328,2241.0655
2016-11-29,2236.6479,2253.6299,2228.3144,2235.1686
2016-11-30,2232.2644,2277.8053,2229.8872,2258.6588
2016-12-01,2257.2933,2263.8739,2250.8432,2257.4995
2016-12-02,2255.9021,2262.4243,2217.4397,2217.6897
2016-12-05,2202.9908,2237.1945,2198.3434,2218.1303
2016-12-06,2224.2079,2231.3895,2194.7172,2195.7633
2016-12-07,2197.1004,2208.9314,2189.8468,2208.9314
2016-12-08,2209.7645,2210.2479,2187.2567,2187.9531
2016-12-09,2187.6801,2192.0057,2169.7263,2172.6168
2016-12-12,2168.1634,2169.0092,2049.7898,2053.1237
2016-12-13,2050.7268,2064.4592,2029.8575,2053.7942
2016-12-14,2051.6596,2057.3281,2025.8543,2031.0703
2016-12-15,2025.5184,2060.2877,2024.3159,2044.2866
2016-12-16,2046.3662,2074.7278,2040.5224,2067.3175
2016-12-19,2064.0997,2064.0997,2045.2345,2049.0012
2016-12-20,2050.3283,2058.9083,2043.3295,2050.9535
2016-12-21,2056.6032,2065.2371,2053.8059,2060.6782
2016-12-22,2062.0649,2062.0649,2047.2781,2055.0684
2016-12-23,2056.5726,2061.2059,2032.2627,2032.5825
2016-12-26,2027.041,2042.3794,2000.4901,2042.3794
2016-12-27,2040.8228,2045.7986,2036.7468,2036.8021
2016-12-28,2036.3127,2039.7965,2022.6659,2024.94
2016-12-29,2024.4902,2040.2401,2023.3562,2027.0973
2016-12-30,2029.1442,2032.7479,2020.3148,2030.0141
2017-01-03,2033.0995,2040.2102,2026.9936,2031.2519
2017-01-04,2031.0129,2061.7774,2027.444,2060.5426
2017-01-05,2059.6433,2062.7607,2052.5498,2052.6857
2017-01-06,2049.4455,2051.0596,2031.3221,2033.0884
2017-01-09,2030.1654,2037.0611,2019.0753,2029.5593
2017-01-10,2027.9848,2035.6172,2018.7565,2019.2731
2017-01-11,2014.8716,2027.1564,1999.3923,2004.653
2017-01-12,2002.5521,2014.0057,1995.8602,1996.9948
2017-01-13,1996.9589,2001.4779,1964.8811,1965.7468
2017-01-16,1963.1641,1963.5481,1845.5192,1894.2586
2017-01-17,1887.2727,1940.7667,1867.9193,1932.5614
2017-01-18,1924.6734,1927.3447,1909.4937,1909.7159
2017-01-19,1906.4813,1917.2929,1896.999,1908.0113
2017-01-20,1908.2462,1957.8995,1906.4414,1945.8875
2017-01-23,1945.0863,1962.8046,1944.8088,1952.6915
2017-01-24,1950.5322,1951.2676,1924.1227,1925.6786
2017-01-25,1921.6462,1939.5557,1920.5065,1935.4942
2017-01-26,1936.9833,1953.045,1936.9833,1951.5613
2017-02-03,1952.3238,1954.2245,1937.5561,1941.762
2017-02-06,1942.155,1969.2506,1939.64,1966.2689
2017-02-07,1963.6012,1966.1678,1946.904,1954.5636
2017-02-08,1952.7124,1969.5608,1946.2882,1969.5598
2017-02-09,1969.6078,1982.7795,1967.7554,1980.3763
2017-02-10,1979.4944,1981.768,1966.5377,1970.6534
2017-02-13,1968.3511,1985.6718,1959.7506,1979.9605
2017-02-14,1980.4337,1985.2516,1972.4431,1975.527
2017-02-15,1977.225,1986.7949,1955.5523,1957.8984
2017-02-16,1957.3957,1966.8139,1951.7421,1963.3537
2017-02-17,1962.3891,1970.84,1946.1487,1948.0813
2017-02-20,1950.2779,1960.5932,1941.6667,1960.5932
2017-02-21,1962.5569,1990.6661,1961.0772,1987.6134
2017-02-22,1988.0983,1991.9798,1975.2446,1986.4711
2017-02-23,1985.7155,1992.6562,1972.8548,1992.6562
2017-02-24,1991.7732,2006.5638,1987.8426,2005.5822
2017-02-27,2004.6665,2011.3115,1990.1512,1993.5049
2017-02-28,1992.8495,1998.7333,1984.7625,1993.9065
2017-03-01,1992.3925,2005.8234,1990.383,1998.8815
2017-03-02,2003.1382,2005.0201,1986.2337,1986.9177
2017-03-03,1982.5653,1999.1361,1974.4121,1995.0749
2017-03-06,1998.5186,2030.7498,1998.5186,2030.7498
2017-03-07,2035.3116,2046.3556,2025.0827,2046.3556
2017-03-08,2045.3184,2045.3184,2027.9517,2032.6729
2017-03-09,2030.6198,2030.6198,2016.2845,2021.6169
2017-03-10,2020.1257,2025.5186,2012.9578,2017.5458
2017-03-13,2016.0046,2040.3816,2006.1895,2039.1397
2017-03-14,2035.6156,2038.7245,2019.7076,2025.8386
2017-03-15,2019.6259,2032.786,2011.2452,2025.9503
2017-03-16,2027.2271,2036.9343,2027.2271,2035.1669
2017-03-17,2036.6433,2050.6508,2017.1864,2017.5074
2017-03-20,2016.4135,2021.8068,2007.1454,2021.8068
2017-03-21,2021.5406,2029.9086,2016.7123,2029.3064
2017-03-22,2020.7559,2027.9112,2006.7721,2016.3887
2017-03-23,2019.7967,2028.5534,1997.618,2016.1706
2017-03-24,2016.0682,2034.8526,2013.8441,2033.5217
2017-03-27,2032.992,2035.5587,2015.3003,2015.3003
2017-03-28,2014.062,2021.2102,2007.899,2012.0246
2017-03-29,2012.8306,2016.537,1993.6469,1996.33
2017-03-30,1991.483,1993.573,1959.1829,1959.5999
2017-03-31,1961.7843,1974.9416,1961.7843,1973.7117
2017-04-05,1981.5436,2011.0629,1981.5436,2010.7804
2017-04-06,2014.8421,2019.1268,2006.8606,2011.8921
2017-04-07,2010.0614,2021.9246,2007.1747,2014.1405
2017-04-10,2008.3031,2008.3031,1978.0869,1979.4769
2017-04-11,1973.9432,1988.0936,1954.0543,1984.8407
2017-04-12,1980.8562,1982.1333,1963.3332,1964.009
2017-04-13,1962.9528,1987.5318,1962.9528,1977.4331
2017-04-14,1977.9671,1977.9671,1953.4956,1953.6108
2017-04-17,1946.6856,1952.7272,1927.6352,1933.7597
2017-04-18,1933.1831,1944.0745,1912.0947,1913.1298
2017-04-19,1906.5394,1910.724,1876.2982,1910.4537
2017-04-20,1908.9877,1922.2006,1901.193,1915.6382
2017-04-21,1914.5277,1929.3332,1901.3198,1903.8902
2017-04-24,1897.4886,1897.4886,1859.7366,1873.7686
2017-04-25,1873.6227,1894.0279,1871.6672,1883.2673
2017-04-26,1877.0738,1886.6571,1875.1879,1884.9591
2017-04-27,1879.4246,1913.4086,1857.9765,1908.2211
2017-04-28,1903.9906,1922.2765,1899.5193,1916.4057
2017-05-02,1914.8337,1921.1778,1909.2533,1916.5255
2017-05-03,1914.3085,1920.492,1897.591,1905.7607
2017-05-04,1903.9555,1924.5075,1893.5219,1903.3278
2017-05-05,1897.7067,1904.9267,1882.7085,1882.7085
2017-05-08,1878.4755,1890.5455,1852.1795,1852.1795
2017-05-09,1843.6993,1867.1938,1833.4229,1866.4511
2017-05-10,1865.7099,1880.2586,1834.1737,1834.1737
2017-05-11,1824.1141,1835.5056,1789.0144,1835.4462
2017-05-12,1831.3217,1838.151,1812.7817,1837.8701
2017-05-15,1841.7249,1852.478,1839.4744,1842.196
2017-05-16,1837.8282,1879.828,1827.3616,1879.828
2017-05-17,1877.517,1899.4345,1874.9329,1887.8016
2017-05-18,1871.9744,1893.3227,1868.5403,1878.5327
2017-05-19,1877.7902,1880.9778,1857.3924,1865.7175
2017-05-22,1863.2038,1879.6154,1843.4275,1852.3375
2017-05-23,1848.694,1854.4695,1820.5569,1821.4515
2017-05-24,1812.7015,1840.9712,1793.2189,1840.8014
2017-05-25,1835.0372,1850.5973,1808.6878,1842.336
2017-05-26,1839.6904,1843.6576,1824.7733,1829.8272
2017-05-31,1848.7096,1854.4243,1832.5102,1834.2288
2017-06-01,1828.1104,1828.1976,1797.6238,1797.6238
2017-06-02,1790.4071,1824.5356,1780.4452,1815.9193
2017-06-05,1817.6597,1838.2171,1817.6597,1831.9285
2017-06-06,1829.939,1844.273,1828.9285,1837.325
2017-06-07,1835.8311,1874.9013,1833.5167,1872.1276
2017-06-08,1870.9325,1877.1447,1864.0814,1866.834
2017-06-09,1865.7687,1869.918,1853.8429,1868.354
2017-06-12,1859.5231,1859.5231,1844.9269,1847.0274
2017-06-13,1844.4143,1872.6998,1843.2071,1867.9503
2017-06-14,1866.4657,1870.7965,1859.2092,1862.9288
2017-06-15,1861.0808,1897.0841,1860.681,1889.636
2017-06-16,1889.7649,1892.8274,1882.813,1883.4088
2017-06-19,1883.0087,1891.3198,1879.2299,1890.1746
2017-06-20,1892.5873,1908.4633,1892.5873,1894.9687
2017-06-21,1902.163,1903.7349,1883.589,1898.834
2017-06-22,1895.9488,1903.1963,1871.5374,1871.5374
2017-06-23,1867.6033,1881.0624,1848.9814,1881.0624
2017-06-26,1879.6155,1895.6377,1874.7534,1895.6377
2017-06-27,1895.863,1905.0796,1890.9637,1894.3682
2017-06-28,1891.757,1892.4749,1876.0971,1882.154
2017-06-29,1882.3363,1897.4564,1881.6295,1887.8093
2017-06-30,1882.1092,1894.401,1876.4164,1892.5085
2017-07-03,1892.6512,1911.6887,1890.3899,1911.1611
2017-07-04,1908.9836,1909.3444,1898.5314,1904.4151
2017-07-05,1902.0772,1911.8631,1895.5206,1911.8326
2017-07-06,1911.0528,1919.7918,1898.1022,1914.3696
2017-07-07,1909.1972,1912.2094,1903.8254,1910.8156
2017-07-10,1906.6611,1906.6611,1877.3626,1877.383
2017-07-11,1873.5534,1878.9655,1857.303,1857.303
2017-07-12,1853.2144,1862.3732,1836.7708,1860.346
2017-07-13,1857.9751,1860.0184,1848.1058,1852.3578
2017-07-14,1844.5829,1844.5829,1814.261,1817.7505
2017-07-17,1802.2864,1802.2864,1724.9433,1724.9433
2017-07-18,1714.8434,1742.0,1709.3676,1736.5563
2017-07-19,1732.049,1755.5628,1723.3096,1754.5551
2017-07-20,1754.1418,1783.7598,1752.9365,1758.6684
2017-07-21,1758.8598,1770.1904,1755.7352,1760.2678
2017-07-24,1755.7317,1759.5561,1744.2834,1756.4916
2017-07-25,1756.6333,1764.7838,1750.7727,1758.2164
2017-07-26,1759.6595,1762.9348,1743.7689,1751.1498
2017-07-27,1748.6062,1815.3146,1744.8854,1814.5598
2017-07-28,1812.8435,1819.0904,1804.8768,1806.1054
2017-07-31,1803.8724,1816.509,1797.1893,1808.4392
2017-08-01,1808.0396,1814.3975,1799.3748,1813.4216
2017-08-02,1812.7045,1816.7806,1794.8352,1796.5057
2017-08-03,1794.6231,1830.7977,1787.8614,1805.1407
2017-08-04,1802.9602,1806.2403,1790.338,1791.0732
2017-08-07,1793.8093,1816.0706,1792.5008,1804.4227
2017-08-08,1803.689,1835.6757,1800.4156,1835.6558
2017-08-09,1829.4864,1844.3298,1824.6242,1836.3099
2017-08-10,1834.6196,1851.0375,1813.7618,1826.5403
2017-08-11,1814.3812,1837.2083,1810.369,1814.5314
2017-08-14,1817.5196,1868.6234,1817.5196,1868.0072
2017-08-15,1870.8773,1878.1205,1859.8198,1873.3059
2017-08-16,1871.719,1911.8999,1867.2134,1901.0297
2017-08-17,1895.0297,1921.9216,1891.6096,1909.5822
2017-08-18,1897.7832,1911.9504,1893.1682,1897.5054
2017-08-21,1899.1348,1910.8996,1894.4404,1905.227
2017-08-22,1905.4155,1907.7691,1887.264,1890.3313
2017-08-23,1888.7838,1894.2241,1875.995,1882.4686
2017-08-24,1882.9681,1887.3802,1867.1907,1870.3583
2017-08-25,1869.3349,1889.9949,1869.3349,1888.2651
2017-08-28,1891.3453,1933.4042,1891.3453,1919.461
2017-08-29,1918.7527,1927.7827,1904.5732,1907.7564
2017-08-30,1906.8319,1926.1394,1906.6671,1915.0887
2017-08-31,1917.5567,1927.7737,1916.3179,1926.2838
2017-09-01,1926.9544,1943.403,1917.058,1942.8149
2017-09-04,1940.4963,1967.5313,1935.6651,1961.9466
2017-09-05,1959.9223,1970.4605,1951.0583,1963.5551
2017-09-06,1958.9081,1981.9854,1955.3371,1981.9854
2017-09-07,1983.7371,1997.7144,1967.8956,1968.9923
2017-09-08,1966.9223,1974.7016,1950.7956,1963.6713
2017-09-11,1961.9846,1975.2347,1958.3232,1975.2347
2017-09-12,1976.4261,1983.4935,1960.8546,1962.8489
2017-09-13,1962.9042,1966.9681,1952.8364,1966.9614
2017-09-14,1965.8469,1971.7091,1952.1579,1957.3997
2017-09-15,1955.2307,1960.8161,1947.3769,1953.6316
2017-09-18,1952.3977,1973.6078,1951.8935,1973.5961
2017-09-19,1975.5403,1980.3861,1955.2551,1958.5379
2017-09-20,1956.7347,1971.4252,1954.7716,1971.4252
2017-09-21,1971.7135,1977.1939,1950.5755,1950.698
2017-09-22,1946.8849,1949.1049,1932.1249,1944.0886
2017-09-25,1942.4631,1947.1724,1917.9849,1920.3365
2017-09-26,1917.0631,1925.0402,1902.9383,1915.9971
2017-09-27,1916.7363,1934.6178,1916.7363,1932.1291
2017-09-28,1930.498,1941.8194,1929.5421,1931.9117
2017-09-29,1935.3736,1944.669,1934.1312,1944.669
2017-10-09,1968.5273,1973.7553,1958.6393,1968.4765
2017-10-10,1969.3367,1997.2453,1966.0125,1997.2453
2017-10-11,1998.175,2004.0596,1979.0217,1980.6763
2017-10-12,1979.9701,1988.9339,1968.0614,1979.0468
2017-10-13,1980.2854,2007.2049,1977.3368,2006.2206
2017-10-16,2000.8698,2001.6004,1961.0269,1961.0269
2017-10-17,1954.7837,1967.2047,1946.6849,1955.0952
2017-10-18,1956.4494,1968.9806,1945.55,1945.895
2017-10-19,1943.5725,1954.7617,1932.5592,1940.1168
2017-10-20,1935.9619,1958.4523,1933.3353,1958.4523
2017-10-23,1959.6968,1979.4533,1956.5037,1977.7692
2017-10-24,1974.3096,1980.8247,1961.0231,1980.8247
2017-10-25,1977.6307,1992.8777,1972.7519,1992.8777
2017-10-26,1991.4086,1998.6351,1981.4277,1990.2293
2017-10-27,1989.0261,1990.4469,1974.1228,1975.1278
2017-10-30,1973.7089,1981.2003,1924.9377,1933.2163
2017-10-31,1933.1692,1947.5916,1932.425,1947.5916
2017-11-01,1945.7164,1959.7777,1944.1889,1950.6738
2017-11-02,1947.5239,1947.5239,1924.281,1924.4446
2017-11-03,1920.5201,1933.4556,1901.2452,1909.2386
2017-11-06,1908.1251,1927.2963,1894.0766,1927.2963
2017-11-07,1926.2721,1936.4715,1920.6456,1936.4265
2017-11-08,1935.9837,1959.3201,1933.6369,1943.795
2017-11-09,1941.8228,1962.5121,1936.0747,1962.5121
2017-11-10,1961.0675,1984.3315,1960.6019,1979.7186
2017-11-13,1983.8363,1990.6962,1974.763,1985.7665
2017-11-14,1987.4392,1992.0684,1967.4598,1975.646
2017-11-15,1971.4091,1973.4433,1939.05,1945.814
2017-11-16,1943.3553,1961.3774,1937.16,1956.4162
2017-11-17,1957.6316,1962.4119,1907.2027,1910.2058
2017-11-20,1894.865,1937.1364,1870.4063,1937.1364
2017-11-21,1933.9905,1949.5893,1921.1638,1934.2313
2017-11-22,1931.7521,1945.5092,1913.7497,1930.4997
2017-11-23,1925.1266,1925.1266,1868.121,1869.4641
2017-11-24,1863.9781,1879.2894,1856.7731,1856.8355
2017-11-27,1855.3406,1868.6616,1831.621,1834.1729
2017-11-28,1834.8244,1868.7935,1834.8244,1868.5129
2017-11-29,1867.8972,1870.2277,1841.1853,1861.757
2017-11-30,1857.4356,1866.7144,1838.7525,1843.9662
2017-12-01,1845.7801,1883.952,1845.6197,1879.7152
2017-12-04,1878.0605,1887.8168,1869.8295,1872.5729
2017-12-05,1869.3826,1874.7704,1818.7816,1831.767
2017-12-06,1828.8274,1859.0909,1817.0833,1858.5626
2017-12-07,1855.0834,1865.5837,1848.855,1850.9329
2017-12-08,1850.1774,1878.4025,1850.1774,1866.7294
2017-12-11,1875.0388,1892.5919,1875.0388,1892.5919
2017-12-12,1894.0756,1897.278,1873.5368,1873.5368
2017-12-13,1870.1865,1881.3454,1862.0946,1881.244
2017-12-14,1879.2643,1884.9742,1862.0598,1869.0091
2017-12-15,1867.8592,1876.3734,1854.3466,1858.2067
2017-12-18,1858.6665,1865.3881,1847.1091,1854.7393
2017-12-19,1855.9512,1877.5846,1855.9512,1873.3404
2017-12-20,1873.1891,1874.2386,1853.7364,1856.5818
2017-12-21,1850.3727,1871.3409,1836.3392,1864.2095
2017-12-22,1863.0857,1869.7633,1852.6194,1853.3799
2017-12-25,1852.9839,1854.6069,1824.8056,1828.8675
2017-12-26,1828.1779,1833.7195,1814.7557,1832.0075
2017-12-27,1829.1069,1833.6778,1816.3339,1817.8577
2017-12-28,1814.9741,1832.3026,1814.509,1817.6301
2017-12-29,1818.599,1826.9699,1813.4461,1825.5823
2018-01-02,1832.2153,1843.6637,1821.2896,1843.3103
2018-01-03,1843.6881,1873.6301,1839.8366,1870.0915
2018-01-04,1865.1649,1869.9563,1862.9603,1869.2849
2018-01-05,1872.0441,1879.9817,1869.9582,1876.378
2018-01-08,1876.125,1881.3128,1859.6721,1881.3128
2018-01-09,1878.4044,1883.9189,1874.2949,1878.6354
2018-01-10,1878.6515,1879.8236,1854.171,1865.6139
2018-01-11,1861.7601,1882.3484,1849.9106,1879.3115
2018-01-12,1875.8228,1877.5276,1859.9096,1860.0106
2018-01-15,1852.8117,1854.2711,1798.8676,1804.7193
2018-01-16,1801.5284,1813.2841,1792.2479,1801.5683
2018-01-17,1794.125,1822.8851,1768.2648,1814.5228
2018-01-18,1807.674,1827.6283,1806.9612,1810.3225
2018-01-19,1807.2274,1818.2288,1798.3705,1800.0498
2018-01-22,1798.1517,1850.0907,1786.8087,1841.7918
2018-01-23,1840.8715,1850.4168,1833.5891,1841.3908
2018-01-24,1837.0758,1892.6952,1825.22,1888.728
2018-01-25,1886.4773,1929.2996,1882.7281,1886.186
2018-01-26,1884.4118,1906.7189,1884.4118,1892.3999
2018-01-29,1886.923,1902.0834,1866.1281,1874.6619
2018-01-30,1868.992,1883.2445,1853.3705,1856.5671
2018-01-31,1840.2843,1841.3363,1805.0916,1807.2551
2018-02-01,1807.8867,1819.2213,1768.0207,1768.0207
2018-02-02,1753.2184,1798.7479,1745.9933,1773.2667
2018-02-05,1748.0191,1768.9489,1744.6733,1758.5237
2018-02-06,1722.2491,1745.2856,1664.3758,1664.6159
2018-02-07,1700.8176,1705.9269,1636.8616,1683.6609
2018-02-08,1675.6709,1720.3106,1675.5686,1709.7329
2018-02-09,1664.9902,1697.1557,1642.502,1658.7768
2018-02-12,1671.3298,1723.5061,1671.3298,1716.6507
2018-02-13,1726.0832,1738.5313,1713.3107,1717.1814
2018-02-14,1718.2141,1720.7514,1701.7452,1715.2959
2018-02-22,1730.6984,1749.6922,1719.5706,1747.5789
2018-02-23,1744.3071,1751.2035,1725.9014,1738.2771
2018-02-26,1753.1844,1805.8501,1743.6091,1801.1052
2018-02-27,1801.922,1830.5011,1800.2287,1816.0925
2018-02-28,1802.1461,1847.5401,1795.1079,1826.5983
2018-03-01,1816.925,1864.3269,1813.4751,1864.3269
2018-03-02,1851.4204,1879.3278,1841.4655,1845.741
2018-03-05,1854.9245,1870.4141,1842.487,1870.4141
2018-03-06,1872.8535,1885.583,1865.0497,1872.4106
2018-03-07,1869.874,1875.3699,1854.3767,1859.5572
2018-03-08,1857.3011,1870.5437,1855.585,1867.8401
2018-03-09,1868.9158,1935.3432,1868.5717,1933.7051
2018-03-12,1949.926,1980.2605,1949.926,1960.7387
2018-03-13,1957.8398,1975.4198,1940.6891,1950.603
2018-03-14,1941.1191,1952.1392,1916.9285,1917.908
2018-03-15,1910.0755,1925.6428,1887.9007,1925.638
2018-03-16,1924.042,1934.4286,1897.1101,1897.1101
2018-03-19,1898.444,1937.6075,1894.2955,1919.6064
2018-03-20,1904.0718,1945.1669,1901.6434,1942.2099
2018-03-21,1944.4906,1955.2445,1906.0582,1906.0582
2018-03-22,1906.7311,1918.0264,1890.1979,1892.8454
2018-03-23,1824.636,1866.8082,1781.5758,1797.8432
2018-03-26,1775.2756,1855.982,1764.2133,1854.7031
2018-03-27,1874.0122,1923.3787,1871.8661,1921.4534
2018-03-28,1895.3748,1934.1529,1892.0217,1911.5175
2018-03-29,1920.1502,1934.611,1901.9497,1918.8435
2018-03-30,1927.4811,1980.3569,1926.4875,1979.8623
2018-04-02,1991.4096,1998.3392,1970.9826,1979.6257
2018-04-03,1947.9744,1965.7911,1927.2828,1950.6807
2018-04-04,1959.2797,1966.3488,1911.7079,1913.936
2018-04-09,1907.7524,1941.1876,1895.4737,1918.9796
2018-04-10,1916.1483,1919.6238,1887.4545,1912.6426
2018-04-11,1917.4048,1935.9809,1909.4155,1911.7105
2018-04-12,1907.8369,1926.3043,1903.4439,1903.6496
2018-04-13,1918.2153,1926.601,1899.2408,1901.2578
2018-04-16,1894.6503,1929.9009,1892.6392,1915.9654
2018-04-17,1921.2152,1927.4053,1858.6877,1858.6877
2018-04-18,1869.296,1910.102,1831.3257,1898.9281
2018-04-19,1891.9752,1916.6533,1889.3558,1897.0123
2018-04-20,1890.2108,1907.8974,1856.2995,1857.9604
2018-04-23,1859.3543,1870.3343,1802.8207,1826.945
2018-04-24,1827.5958,1883.1007,1822.944,1883.0581
2018-04-25,1873.8253,1902.2056,1871.5168,1896.1327
2018-04-26,1895.3898,1896.1551,1855.7059,1856.3945
2018-04-27,1866.0068,1890.2552,1854.407,1881.9454
2018-05-02,1891.357,1910.7899,1863.6168,1877.7502
2018-05-03,1873.1084,1905.0538,1842.3473,1904.0371
2018-05-04,1898.1302,1910.5716,1888.7979,1891.7022
2018-05-07,1896.7164,1932.8206,1896.0388,1930.7703
2018-05-08,1931.1348,1936.6186,1920.6492,1935.4943
2018-05-09,1932.4669,1940.9171,1924.2043,1934.5296
2018-05-10,1936.7988,1946.0031,1924.4209,1944.4849
2018-05-11,1946.1242,1949.3274,1912.6087,1912.6087
2018-05-14,1913.5637,1922.8988,1903.1382,1908.6483
2018-05-15,1908.6446,1937.9899,1903.0862,1936.9743
2018-05-16,1928.7167,1941.5186,1923.5857,1925.241
2018-05-17,1923.7843,1929.8756,1903.9287,1909.1125
2018-05-18,1907.1887,1917.5514,1890.0817,1915.2087
2018-05-21,1924.6033,1950.4693,1924.6033,1942.0345
2018-05-22,1940.1684,1956.3572,1937.5443,1956.1938
2018-05-23,1949.5107,1956.4996,1924.8072,1924.9773
2018-05-24,1927.4413,1935.9703,1916.6219,1917.6276
2018-05-25,1914.9214,1921.4154,1882.7184,1882.7184
2018-05-28,1883.0983,1893.9882,1865.622,1874.886
2018-05-29,1873.7483,1894.0712,1850.6872,1850.7109
2018-05-30,1820.1943,1835.4564,1799.364,1801.3875
2018-05-31,1819.5585,1827.0848,1791.8912,1822.0844
2018-06-01,1812.779,1822.8768,1776.5448,1786.8549
2018-06-04,1786.8772,1792.9872,1767.4588,1779.9377
2018-06-05,1779.3491,1826.7819,1779.3491,1825.0738
2018-06-06,1823.0387,1831.1952,1813.8487,1822.0788
2018-06-07,1827.2377,1829.9281,1806.4642,1808.8837
2018-06-08,1804.7713,1806.0098,1775.4392,1789.3193
2018-06-11,1784.863,1785.9767,1760.9985,1765.4979
2018-06-12,1769.7677,1793.8076,1757.5632,1790.7833
2018-06-13,1789.928,1789.928,1763.1188,1763.1188
2018-06-14,1760.0042,1780.7638,1745.9316,1750.0507
2018-06-15,1751.1604,1759.5132,1712.2365,1717.4308
2018-06-19,1687.431,1702.0437,1603.1294,1618.6369
2018-06-20,1611.7997,1650.5225,1595.7664,1636.0534
2018-06-21,1634.7234,1643.3335,1592.0268,1592.1463
2018-06-22,1584.3576,1627.9709,1576.5871,1621.6299
2018-06-25,1636.3679,1639.5411,1608.6636,1610.0191
2018-06-26,1589.0224,1643.203,1585.6407,1637.5953
2018-06-27,1636.9516,1645.6577,1614.1687,1618.0569
2018-06-28,1616.5431,1644.0157,1612.6134,1615.516
2018-06-29,1619.1634,1684.6626,1619.1634,1681.5019
2018-07-02,1680.1041,1689.6607,1645.9326,1662.482
2018-07-03,1663.6731,1689.135,1630.7056,1682.119
2018-07-04,1670.3985,1670.517,1630.2618,1638.7072
2018-07-05,1633.8568,1650.6196,1603.977,1604.2382
2018-07-06,1603.5812,1644.3654,1587.8907,1613.2759
2018-07-09,1618.4361,1656.6676,1618.4361,1656.0373
2018-07-10,1657.9963,1668.7344,1651.3476,1667.6619
2018-07-11,1636.0934,1651.3606,1613.1775,1636.5306
2018-07-12,1637.6012,1697.1407,1637.6012,1690.8451
2018-07-13,1688.4542,1703.2064,1684.7012,1695.0268
2018-07-16,1690.9408,1701.17,1681.1488,1693.4028
2018-07-17,1692.2816,1698.8202,1673.4723,1698.3454
2018-07-18,1699.1202,1713.3847,1684.0348,1684.0348
2018-07-19,1684.1236,1696.1314,1657.978,1665.4113
2018-07-20,1664.6742,1691.6452,1653.6693,1685.8742
2018-07-23,1667.746,1698.0519,1665.0228,1697.8414
2018-07-24,1692.3388,1719.8312,1683.7716,1706.8872
2018-07-25,1706.3813,1723.4735,1703.1969,1709.7265
2018-07-26,1708.8206,1712.5884,1677.4067,1682.2787
2018-07-27,1677.2855,1683.6027,1665.9322,1670.2657
2018-07-30,1669.2565,1672.5318,1627.8119,1633.6811
2018-07-31,1631.5434,1646.4946,1624.7287,1635.3746
2018-08-01,1642.6661,1655.9826,1615.1549,1615.1549
